Date,Close
10/31/12,13096.46
11/1/12,13232.62
11/2/12,13093.16
11/5/12,13112.44
11/6/12,13245.68
11/7/12,12932.73
11/8/12,12811.32
11/9/12,12815.39
11/12/12,12332.066532652992
11/13/12,12111.413380794793
11/14/12,11464.143527891258
11/15/12,12389.168925392587
11/16/12,13114.219012127796
11/19/12,12409.937395546054
11/20/12,13952.391270890685
11/21/12,12781.458455593458
11/23/12,13883.784846390412
11/26/12,13203.388421777074
11/27/12,14004.540012151858
11/28/12,12932.793554277632
11/29/12,12882.771163891139
11/30/12,12437.5386282717
12/3/12,13695.578149772762
12/4/12,13439.362280259551
12/5/12,12827.05215669393
12/6/12,11629.275633906629
12/7/12,13651.605228311928
12/10/12,14440.197174052346
12/11/12,12434.962641992779
12/12/12,12796.806248982792
12/13/12,13120.901034942404
12/14/12,12753.518092996268
12/17/12,11681.429058742126
12/18/12,12222.50229470162
12/19/12,14577.375126194715
12/20/12,12190.544461592539
12/21/12,14527.906941505948
12/24/12,14652.120999087956
12/26/12,13061.50515382354
12/27/12,13543.722219328643
12/28/12,11985.125986777832
12/31/12,14350.19373637587
1/2/13,15719.765257051773
1/3/13,14219.531273105033
1/4/13,13604.139771492191
1/7/13,14771.357053254742
1/8/13,13304.840655095757
1/9/13,12382.631706986895
1/10/13,14319.874774267177
1/11/13,14211.623526058538
1/14/13,12996.950604158545
1/15/13,14923.158397610332
1/16/13,12337.670383014034
1/17/13,14633.380031052773
1/18/13,15554.25617509057
1/22/13,13160.775708061086
1/23/13,15058.468380943006
1/24/13,14000.43992771467
1/25/13,12452.149672308828
1/28/13,12289.488977375579
1/29/13,13701.35033307626
1/30/13,15139.315464163314
1/31/13,12819.872408936717
2/1/13,14429.848227799013
2/4/13,14794.777055496177
2/5/13,13272.106653157174
2/6/13,14735.073008040035
2/7/13,14392.852304784807
2/8/13,13982.665220023839
2/11/13,15402.515477913554
2/12/13,14919.430659370182
2/13/13,12376.306156056133
2/14/13,13300.183336822909
2/15/13,15745.858074948961
2/19/13,12570.387934137489
2/20/13,11456.87604123667
2/21/13,13494.031444218757
2/22/13,14880.430521791033
2/25/13,13308.972509877547
2/26/13,14009.713838758951
2/27/13,13874.298734568296
2/28/13,12112.999461755488
3/1/13,13219.099222095503
3/4/13,13776.332121445206
3/5/13,14027.90453177959
3/6/13,14451.441393377478
3/7/13,12101.078018418477
3/8/13,14778.172351817359
3/11/13,15549.696661810704
3/12/13,13844.379779138459
3/13/13,14455.28
3/14/13,14539.14
3/15/13,14514.11
3/18/13,14452.06
3/19/13,14455.82
3/20/13,14511.73
3/21/13,14421.49
3/22/13,14512.03
3/25/13,14447.75
3/26/13,14559.65
3/27/13,14526.16
3/28/13,14578.54
4/1/13,14572.85
4/2/13,14662.01
4/3/13,14550.35
4/4/13,14606.11
4/5/13,14565.25
4/8/13,14613.48
4/9/13,14673.46
4/10/13,14802.24
4/11/13,14865.14
4/12/13,14865.06
4/15/13,14599.2
4/16/13,14756.78
4/17/13,14618.59
4/18/13,14537.14
4/19/13,14547.51
4/22/13,14567.17
4/23/13,14719.46
4/24/13,14676.3
4/25/13,14700.8
4/26/13,14712.55
4/29/13,14818.75
4/30/13,14839.8
5/1/13,14700.95
5/2/13,14831.58
5/3/13,14973.96
5/6/13,14968.89
5/7/13,15056.2
5/8/13,15105.12
5/9/13,15082.62
5/10/13,15118.49
5/13/13,15091.68
5/14/13,15215.25
5/15/13,15275.69
5/16/13,15233.22
5/17/13,15354.4
5/20/13,15335.28
5/21/13,15387.58
5/22/13,15307.17
5/23/13,15294.5
5/24/13,15303.1
5/28/13,15409.39
5/29/13,15302.8
5/30/13,15324.53
5/31/13,15115.57
6/3/13,15254.03
6/4/13,15177.54
6/5/13,14960.59
6/6/13,15040.62
6/7/13,15248.12
6/10/13,15238.59
6/11/13,15122.02
6/12/13,14995.23
6/13/13,15176.08
6/14/13,15070.18
6/17/13,15179.85
6/18/13,15318.23
6/19/13,15112.19
6/20/13,14758.32
6/21/13,14799.4
6/24/13,14659.56
6/25/13,14760.31
6/26/13,14910.14
6/27/13,15024.49
6/28/13,14909.6
7/1/13,14974.96
7/2/13,14932.41
7/3/13,14988.55
7/5/13,15135.84
7/8/13,15224.69
7/9/13,15300.34
7/10/13,15291.66
7/11/13,15460.92
7/12/13,15464.3
7/15/13,15484.26
7/16/13,15451.85
7/17/13,15470.52
7/18/13,15548.54
7/19/13,15543.74
7/22/13,15545.55
7/23/13,15567.74
7/24/13,15542.24
7/25/13,15555.61
7/26/13,15558.83
7/29/13,15521.97
7/30/13,15520.59
7/31/13,15499.54
8/1/13,15628.02
8/2/13,15658.36
8/5/13,15612.13
8/6/13,15518.74
8/7/13,15470.67
8/8/13,15498.32
8/9/13,15425.51
8/12/13,15419.68
8/13/13,15451.01
8/14/13,15337.66
8/15/13,15112.19
8/16/13,15081.47
8/19/13,15010.74
8/20/13,15002.99
8/21/13,14897.55
8/22/13,14963.74
8/23/13,15010.51
8/26/13,14946.46
8/27/13,14776.13
8/28/13,14824.51
8/29/13,14840.95
8/30/13,14810.31
9/3/13,14833.96
9/4/13,14930.87
9/5/13,14937.48
9/6/13,14922.5
9/9/13,15063.12
9/10/13,15191.06
9/11/13,15326.6
9/12/13,15300.64
9/13/13,15376.06
9/16/13,15494.78
9/17/13,15529.73
9/18/13,15676.94
9/19/13,15636.55
9/20/13,15451.09
9/23/13,15401.38
9/24/13,15334.59
9/25/13,15273.26
9/26/13,15328.3
9/27/13,15258.24
9/30/13,15129.67
10/1/13,15191.7
10/2/13,15133.14
10/3/13,14996.48
10/4/13,15072.58
10/7/13,14936.24
10/8/13,14776.53
10/9/13,14802.98
10/10/13,15126.07
10/11/13,15237.11
10/14/13,15301.26
10/15/13,15168.01
10/16/13,15373.83
10/17/13,15371.65
10/18/13,15399.65
10/21/13,15392.2
10/22/13,15467.66
10/23/13,15413.33
10/24/13,15509.21
10/25/13,15570.28
10/28/13,15568.93
10/29/13,15680.35
10/30/13,15618.76
10/31/13,15545.75
11/1/13,15615.55
11/4/13,15639.12
11/5/13,15618.22
11/6/13,15746.88
11/7/13,15593.98
11/8/13,15761.78
11/11/13,15783.1
11/12/13,15750.67
11/13/13,15821.63
11/14/13,15876.22
11/15/13,15961.7
11/18/13,15976.02
11/19/13,15967.03
11/20/13,15900.82
11/21/13,16009.99
11/22/13,16017.620631682496
11/25/13,16137.797744029893
11/26/13,15989.798092779823
11/27/13,16090.595180225871
11/29/13,16102.808906934812
12/2/13,16032.351065599194
12/3/13,15970.001162619135
12/4/13,15903.275944575384
12/5/13,15867.90522271166
12/6/13,15945.130641242586
12/9/13,16160.916637746976
12/10/13,15864.173161133784
12/11/13,15840.666869505014
12/12/13,15813.106333533067
12/13/13,15806.773300771774
12/16/13,15899.904173739737
12/17/13,15972.781772688162
12/18/13,16032.250508815245
12/19/13,16202.208431597695
12/20/13,16168.74924412511
12/23/13,16514.855887246387
12/24/13,16416.803837722655
12/26/13,16640.83278072767
12/27/13,16479.306359922124
12/30/13,16493.640776921708
12/31/13,16509.749972271653
1/2/14,16287.698826214491
1/3/14,16468.442986911203
1/6/14,16471.11925749361
1/7/14,16532.43725673113
1/8/14,16655.124675209318
1/9/14,16444.76
1/10/14,16437.05
1/13/14,16257.94
1/14/14,16373.86
1/15/14,16481.94
1/16/14,16417.01
1/17/14,16458.56
1/21/14,16414.44
1/22/14,16373.34
1/23/14,16197.35
1/24/14,15879.11
1/27/14,15837.88
1/28/14,15928.56
1/29/14,15738.79
1/30/14,15848.61
1/31/14,15698.85
2/3/14,15372.8
2/4/14,15445.24
2/5/14,15440.23
2/6/14,15628.53
2/7/14,15794.08
2/10/14,15801.79
2/11/14,15994.77
2/12/14,15963.94
2/13/14,16027.59
2/14/14,16154.39
2/18/14,16130.4
2/19/14,16040.56
2/20/14,16133.23
2/21/14,16103.3
2/24/14,16207.14
2/25/14,16179.66
2/26/14,16198.41
2/27/14,16272.65
2/28/14,16321.71
3/3/14,16168.03
3/4/14,16395.88
3/5/14,16360.18
3/6/14,16421.89
3/7/14,16452.72
3/10/14,16418.68
3/11/14,16351.25
3/12/14,16340.08
3/13/14,16108.89
3/14/14,16065.67
3/17/14,16247.22
3/18/14,16336.19
3/19/14,16222.17
3/20/14,16331.05
3/21/14,16302.77
3/24/14,16276.69
3/25/14,16367.88
3/26/14,16268.99
3/27/14,16264.23
3/28/14,16323.06
3/31/14,16457.66
4/1/14,16532.61
4/2/14,16573.0
4/3/14,16572.55
4/4/14,16412.71
4/7/14,16245.87
4/8/14,16256.14
4/9/14,16437.18
4/10/14,16170.22
4/11/14,16026.75
4/14/14,16173.24
4/15/14,16262.56
4/16/14,16424.85
4/17/14,16408.54
4/21/14,16449.25
4/22/14,16514.37
4/23/14,16501.65
4/24/14,16501.65
4/25/14,16361.46
4/28/14,16448.74
4/29/14,16535.37
4/30/14,16580.84
5/1/14,16558.87
5/2/14,16512.89
5/5/14,16530.55
5/6/14,16401.02
5/7/14,16518.54
5/8/14,16550.97
5/9/14,16583.34
5/12/14,16695.47
5/13/14,16715.44
5/14/14,16613.97
5/15/14,16446.81
5/16/14,16491.31
5/19/14,16511.86
5/20/14,16374.31
5/21/14,16533.06
5/22/14,16543.08
5/23/14,16606.27
5/27/14,16675.5
5/28/14,16633.18
5/29/14,16698.74
5/30/14,16717.17
6/2/14,16743.63
6/3/14,16722.34
6/4/14,16737.53
6/5/14,16836.11
6/6/14,16924.28
6/9/14,16943.1
6/10/14,16945.92
6/11/14,16843.88
6/12/14,16734.19
6/13/14,16775.74
6/16/14,16781.01
6/17/14,16808.49
6/18/14,16906.62
6/19/14,16921.46
6/20/14,16947.08
6/23/14,16937.26
6/24/14,16818.13
6/25/14,16867.51
6/26/14,16846.13
6/27/14,16851.84
6/30/14,16826.6
7/1/14,16956.07
7/2/14,16976.24
7/3/14,17068.26
7/7/14,17024.21
7/8/14,16906.62
7/9/14,16985.61
7/10/14,16915.07
7/11/14,16943.81
7/14/14,17055.42
7/15/14,17060.68
7/16/14,17138.2
7/17/14,16976.81
7/18/14,17100.18
7/21/14,17051.73
7/22/14,17113.54
7/23/14,17086.63
7/24/14,17083.8
7/25/14,16960.57
7/28/14,16982.59
7/29/14,16912.11
7/30/14,16880.36
7/31/14,16563.3
8/1/14,16493.37
8/4/14,16569.28
8/5/14,16429.47
8/6/14,16443.34
8/7/14,16368.27
8/8/14,16553.93
8/11/14,16569.98
8/12/14,16560.54
8/13/14,16651.8
8/14/14,16713.58
8/15/14,16662.91
8/18/14,16838.74
8/19/14,16919.59
8/20/14,16979.13
8/21/14,17039.49
8/22/14,17001.22
8/25/14,17076.87
8/26/14,17106.7
8/27/14,17122.01
8/28/14,17079.57
8/29/14,17098.45
9/2/14,17067.56
9/3/14,17078.28
9/4/14,17069.58
9/5/14,17137.36
9/8/14,17111.42
9/9/14,17013.87
9/10/14,17068.71
9/11/14,17049.0
9/12/14,16987.51
9/15/14,17031.14
9/16/14,17131.97
9/17/14,17156.85
9/18/14,17265.99
9/19/14,17279.74
9/22/14,17172.68
9/23/14,17055.87
9/24/14,17210.06
9/25/14,16945.8
9/26/14,17113.15
9/29/14,17071.22
9/30/14,17042.9
10/1/14,16804.71
10/2/14,16801.05
10/3/14,17009.69
10/6/14,16991.91
10/7/14,16719.39
10/8/14,16994.22
10/9/14,16659.25
10/10/14,16544.1
10/13/14,16321.07
10/14/14,16315.19
10/15/14,16141.74
10/16/14,16117.24
10/17/14,16380.41
10/20/14,16399.67
10/21/14,16614.81
10/22/14,16461.32
10/23/14,16677.9
10/24/14,16805.41
10/27/14,16817.94
10/28/14,17005.75
10/29/14,16974.31
10/30/14,17195.42
10/31/14,17390.52
11/3/14,17366.24
11/4/14,17383.84
11/5/14,17484.53
11/6/14,17554.47
11/7/14,17573.93
11/10/14,17613.74
11/11/14,17614.9
11/12/14,17612.2
11/13/14,17652.79
11/14/14,17634.74
11/17/14,17647.75
11/18/14,17687.82
11/19/14,17685.73
11/20/14,17719.0
11/21/14,17003.499610182585
11/24/14,17841.322273248596
11/25/14,17726.6078620719
11/26/14,17514.239955319215
11/28/14,18367.859301729626
12/1/14,18329.917109383816
12/2/14,18478.017477486952
12/3/14,16901.907611757764
12/4/14,17189.992204471535
12/5/14,18319.32825648433
12/8/14,17128.26026460515
12/9/14,16716.931398194687
12/10/14,18588.93329866155
12/11/14,17792.429329371193
12/12/14,17517.023313313275
12/15/14,18176.35945920525
12/16/14,16253.889436395328
12/17/14,17834.489794962086
12/18/14,19197.741526128455
12/19/14,16841.953590958463
12/22/14,17750.889359033423
12/23/14,17058.264046724074
12/24/14,17191.98315994696
12/26/14,17270.745590943778
12/29/14,18511.49071519571
12/30/14,16993.813470300895
12/31/14,17011.070491447495
1/2/15,17765.67990130765
1/5/15,18340.59193612174
1/6/15,17125.56189488131
1/7/15,18532.194978894957
1/8/15,17574.572543945284
1/9/15,19091.645245006916
1/12/15,17339.74437626434
1/13/15,17244.506403609947
1/14/15,17091.137386501912
1/15/15,16776.90289135582
1/16/15,16815.711179715352
1/20/15,17274.424293335698
1/21/15,17541.189927994936
1/22/15,16941.399873523136
1/23/15,18579.983332570948
1/26/15,17699.523102773273
1/27/15,17129.226895342767
1/28/15,17393.236071393803
1/29/15,16893.838328222213
1/30/15,16048.156808484653
2/2/15,17005.224796393737
2/3/15,16924.09502575383
2/4/15,18152.269144188154
2/5/15,18737.40045215191
2/6/15,18591.371348380115
2/9/15,17427.449006630497
2/10/15,17201.13823043133
2/11/15,18883.486995553743
2/12/15,19141.149764626018
2/13/15,18858.76516393192
2/17/15,17616.692523403966
2/18/15,18993.43995880658
2/19/15,17255.860294464408
2/20/15,18369.94914165085
2/23/15,17078.218437022468
2/24/15,17110.895639806076
2/25/15,17773.764747799563
2/26/15,18624.53750182659
2/27/15,18933.12390591075
3/2/15,17354.51170912083
3/3/15,18651.089119437598
3/4/15,17307.124038546946
3/5/15,19008.599724485353
3/6/15,17896.65760798105
3/9/15,18800.73441423321
3/10/15,17646.56484537186
3/11/15,17128.653277788046
3/12/15,18349.166679879283
3/13/15,18234.25781280196
3/16/15,17620.36232465681
3/17/15,15942.678771891464
3/18/15,18244.819452114945
3/19/15,17893.484461475036
3/20/15,18318.39948324589
3/23/15,18528.93273081928
3/24/15,17062.541049114963
3/25/15,17809.179183236065
3/26/15,16156.10575200453
3/27/15,18441.718194139332
3/30/15,17576.413352825806
3/31/15,16540.527302598297
4/1/15,18153.58646097994
4/2/15,17610.607005857837
4/6/15,18553.419154425384
4/7/15,16857.953153187493
4/8/15,18572.29301365739
4/9/15,18008.927854965637
4/10/15,18231.868362990615
4/13/15,18372.302564961432
4/14/15,17132.44599859035
4/15/15,17904.14170035319
4/16/15,16157.90533666559
4/17/15,17093.995965822087
4/20/15,16362.304640687797
4/21/15,17776.495100651497
4/22/15,18955.211452362983
4/23/15,17743.549052590148
4/24/15,18597.634120364324
4/27/15,16916.169772619476
4/28/15,17362.873816147967
4/29/15,18438.46425806509
4/30/15,16665.519827212403
5/1/15,18099.13874587823
5/4/15,17675.60282316237
5/5/15,17246.39549257988
5/6/15,17460.330254966833
5/7/15,18562.889300273724
5/8/15,18669.20861933308
5/11/15,17601.46514265431
5/12/15,17473.348507075476
5/13/15,18059.443403620342
5/14/15,17939.31098369179
5/15/15,17826.245889662707
5/18/15,17573.787306987204
5/19/15,17966.467948711248
5/20/15,18341.033258661395
5/21/15,17829.661738645722
5/22/15,17725.136307006516
5/26/15,18283.437802438242
5/27/15,17404.482082478225
5/28/15,17472.008038742475
5/29/15,18800.74797357935
6/1/15,18425.628949837595
6/2/15,16386.25404547432
6/3/15,16616.351467740104
6/4/15,18122.0722851206
6/5/15,18405.730400795605
6/8/15,17673.731471834515
6/9/15,18605.328294960993
6/10/15,19154.246221572084
6/11/15,18502.78141395609
6/12/15,18933.721580167417
6/15/15,19019.946685697287
6/16/15,17488.692669148324
6/17/15,18656.82800456154
6/18/15,17851.02055455509
6/19/15,18166.439527659986
6/22/15,18678.44575493225
6/23/15,17451.533048866826
6/24/15,18134.90681829132
6/25/15,18733.8439555424
6/26/15,19157.860887140865
6/29/15,17576.248039864182
6/30/15,18033.625040548708
7/1/15,17278.767942124334
7/2/15,17127.485485101177
7/6/15,19148.521166724244
7/7/15,18381.928114381004
7/8/15,15473.758660955496
7/9/15,17688.77723539208
7/10/15,16886.13766833859
7/13/15,18805.296493804515
7/14/15,18263.235507292822
7/15/15,18215.774437908472
7/16/15,17501.869075392406
7/17/15,17942.27160730078
7/20/15,18509.615067095256
7/21/15,17323.569330906103
7/22/15,17515.715799127614
7/23/15,16803.817476433192
7/24/15,17784.84036462666
7/27/15,18768.205468518605
7/28/15,19295.634358544856
7/29/15,18701.83728737344
7/30/15,18294.221388361566
7/31/15,17039.882279202877
8/3/15,19164.936739340297
8/4/15,17790.83041707222
8/5/15,17203.673282938224
8/6/15,16108.537353643085
8/7/15,17137.11190695858
8/10/15,16452.85058653118
8/11/15,16151.558918409914
8/12/15,16574.93981538303
8/13/15,16776.15245815818
8/14/15,15978.525542899992
8/17/15,18543.40247413822
8/18/15,16636.096542164807
8/19/15,17105.46451095308
8/20/15,15852.189510113174
8/21/15,17382.594582213413
8/24/15,16789.769495126297
8/25/15,16246.401656399668
8/26/15,16325.334387391691
8/27/15,17832.091439968674
8/28/15,17130.038742645
8/31/15,16035.144050271927
9/1/15,15560.03329736566
9/2/15,15999.409974282313
9/3/15,17194.65527318432
9/4/15,15988.852981670969
9/8/15,16578.66044086371
9/9/15,16671.59817484038
9/10/15,16751.678337828176
9/11/15,16644.743913435024
9/14/15,17533.115190409415
9/15/15,15866.759394529177
9/16/15,16609.169151856084
9/17/15,17100.754672738138
9/18/15,17061.15878779473
9/21/15,15792.74954494257
9/22/15,16894.77530869239
9/23/15,15751.895130994017
9/24/15,15699.605432933766
9/25/15,17372.678363272265
9/28/15,18086.30223690906
9/29/15,15127.752702117863
9/30/15,16230.435024203562
10/1/15,15601.681748370747
10/2/15,16405.915358312515
10/5/15,16565.997670197034
10/6/15,16730.15150671837
10/7/15,17019.255142385045
10/8/15,16591.816539003154
10/9/15,15803.210581528996
10/12/15,16117.858671574555
10/13/15,17383.92216270109
10/14/15,18008.69499423287
10/15/15,17745.757368417646
10/16/15,17724.0494833183
10/19/15,18377.22125491036
10/20/15,17952.582313234027
10/21/15,18406.069933663763
10/22/15,18819.408445195382
10/23/15,16307.350578261021
10/26/15,18279.7607649423
10/27/15,18689.895865512855
10/28/15,18102.213472108047
10/29/15,17349.28909227852
10/30/15,17597.161851413035
11/2/15,17328.30114514745
11/3/15,18591.03466464101
11/4/15,17618.100994745157
11/5/15,17831.674732526884
11/6/15,18903.171388114755
11/9/15,16160.565563003272
11/10/15,17843.40099355007
11/11/15,17790.47765459989
11/12/15,17940.229595775
11/13/15,17675.94042889718
11/16/15,17622.068390501634
11/17/15,16823.795350837365
11/18/15,17988.25533236706
11/19/15,17510.1945727416
11/20/15,17420.290603772253
11/23/15,16462.257518737635
11/24/15,17485.335799327586
11/25/15,18277.21058476469
11/27/15,17763.191640069108
11/30/15,18030.670578573194
12/1/15,17999.224869939106
12/2/15,17951.349550872445
12/3/15,16811.582623990384
12/4/15,18010.40574511627
12/7/15,16858.514934469214
12/8/15,18190.74023519053
12/9/15,17403.642972707257
12/10/15,19102.854921658054
12/11/15,17213.791070292307
12/14/15,17449.340218916976
12/15/15,16788.033628514222
12/16/15,17485.015143091674
12/17/15,17374.26073502657
12/18/15,17259.14695676628
12/21/15,17198.7939189274
12/22/15,18638.281145551995
12/23/15,18480.453534580192
12/24/15,17741.013941696234
12/28/15,17025.14626007704
12/29/15,18126.250179632938
12/30/15,17057.940090886295
12/31/15,16322.435263478874
1/4/16,16379.849974156932
1/5/16,15616.081470350098
1/6/16,17160.002493620206
1/7/16,16749.934224285684
1/8/16,16058.677287105347
1/11/16,17024.34899887068
1/12/16,16817.48182207017
1/13/16,15816.496876196139
1/14/16,15650.471111261124
1/15/16,17058.88737319831
1/19/16,16250.526746138792
1/20/16,15519.242916123463
1/21/16,16497.08651745792
1/22/16,17221.60238708907
1/25/16,15335.9531203015
1/26/16,15676.128444462525
1/27/16,15296.507034985543
1/28/16,16256.966876180746
1/29/16,15807.19409640844
2/1/16,15477.048295275905
2/2/16,16630.340301462176
2/3/16,16762.143506281485
2/4/16,17345.916861093418
2/5/16,16750.9147167527
2/8/16,15034.89173078923
2/9/16,15092.753682610872
2/10/16,16481.052391492878
2/11/16,15133.349201482895
2/12/16,16916.09467979476
2/16/16,15487.847094431652
2/17/16,16833.79773566817
2/18/16,16649.440392069653
2/19/16,15158.130518389176
2/22/16,16261.106137270319
2/23/16,16013.68796109992
2/24/16,17793.70267696766
2/25/16,16670.251480314662
2/26/16,16022.708218005264
2/29/16,17173.6820056979
3/1/16,16016.103635091911
3/2/16,17438.48278385928
3/3/16,18033.758009215635
3/4/16,17158.73248891059
3/7/16,18468.655372026053
3/8/16,17029.81278298885
3/9/16,17068.1979711773
3/10/16,16995.13
3/11/16,17213.31
3/14/16,17229.13
3/15/16,17251.53
3/16/16,17325.76
3/17/16,17481.49
3/18/16,17602.3
3/21/16,17623.87
3/22/16,17582.57
3/23/16,17502.59
3/24/16,17515.73
3/28/16,17535.39
3/29/16,17633.11
3/30/16,17716.66
3/31/16,17685.09
4/1/16,17792.75
4/4/16,17737.0
4/5/16,17603.32
4/6/16,17716.05
4/7/16,17541.96
4/8/16,17576.96
4/11/16,17556.41
4/12/16,17721.25
4/13/16,17908.28
4/14/16,17926.43
4/15/16,17897.46
4/18/16,18004.16
4/19/16,18053.6
4/20/16,18096.27
4/21/16,17982.52
4/22/16,18003.75
4/25/16,17977.24
4/26/16,17990.32
4/27/16,18041.55
4/28/16,17830.76
4/29/16,17773.64
5/2/16,17891.16
5/3/16,17750.91
5/4/16,17651.26
5/5/16,17660.71
5/6/16,17740.63
5/9/16,17705.91
5/10/16,17928.35
5/11/16,17711.12
5/12/16,17720.5
5/13/16,17535.32
5/16/16,17710.71
5/17/16,17529.98
5/18/16,17526.62
5/19/16,17435.4
5/20/16,17500.94
5/23/16,17492.93
5/24/16,17706.05
5/25/16,17851.51
5/26/16,17828.29
5/27/16,17873.22
5/31/16,17787.2
6/1/16,19012.822883550747
6/2/16,18937.224742393613
6/3/16,17941.42346891704
6/6/16,17342.868896269076
6/7/16,18843.172395203277
6/8/16,17002.425102636706
6/9/16,19007.66074080177
6/10/16,18033.530415411176
6/13/16,18550.467513598604
6/14/16,18999.86261724687
6/15/16,18250.848979335165
6/16/16,17942.180967940312
6/17/16,17497.277603410068
6/20/16,17178.38370022445
6/21/16,17892.865666689995
6/22/16,16143.883221743727
6/23/16,17051.37747447819
6/24/16,18212.203690461494
6/27/16,15851.073559083738
6/28/16,18320.847567457044
6/29/16,17515.75377615845
6/30/16,17052.42302025556
7/1/16,17635.955917640702
7/5/16,17467.515117315237
7/6/16,17526.289302732243
7/7/16,17636.691177634744
7/8/16,16495.160210452468
7/11/16,17872.155635383453
7/12/16,18157.06112168692
7/13/16,17232.27262376668
7/14/16,17830.34516208861
7/15/16,19368.132039808126
7/18/16,18139.71880016014
7/19/16,18675.762849630668
7/20/16,18653.8536123756
7/21/16,18530.065631813635
7/22/16,18238.405716244168
7/25/16,19295.15953559029
7/26/16,17257.762220007655
7/27/16,18300.580763849764
7/28/16,18456.35
7/29/16,18432.24
8/1/16,18404.51
8/2/16,18313.77
8/3/16,18355.0
8/4/16,18352.05
8/5/16,18543.53
8/8/16,18529.29
8/9/16,18533.05
8/10/16,18495.66
8/11/16,18613.52
8/12/16,18576.47
8/15/16,18636.05
8/16/16,18552.02
8/17/16,18573.94
8/18/16,18597.7
8/19/16,18552.57
8/22/16,18529.42
8/23/16,18547.3
8/24/16,18481.48
8/25/16,18448.41
8/26/16,18395.4
8/29/16,18502.99
8/30/16,18454.3
8/31/16,18400.88
9/1/16,18419.3
9/2/16,18491.96
9/6/16,18538.12
9/7/16,18526.14
9/8/16,18479.91
9/9/16,18085.45
9/12/16,18325.07
9/13/16,18066.75
9/14/16,18034.77
9/15/16,18212.48
9/16/16,18123.8
9/19/16,18120.17
9/20/16,18129.96
9/21/16,18293.7
9/22/16,18392.46
9/23/16,18261.45
9/26/16,18094.83
9/27/16,18228.3
9/28/16,18339.24
9/29/16,18143.45
9/30/16,18308.15
10/3/16,18253.85
10/4/16,18168.45
10/5/16,18281.03
10/6/16,18268.5
10/7/16,18240.49
10/10/16,18329.04
10/11/16,18128.66
10/12/16,18144.2
10/13/16,18098.94
10/14/16,18138.38
10/17/16,18086.4
10/18/16,18161.94
10/19/16,18202.62
10/20/16,18162.35
10/21/16,18145.71
10/24/16,18223.03
10/25/16,18169.27
10/26/16,18199.33
10/27/16,18169.68
10/28/16,18161.19
10/31/16,18142.42
11/1/16,18037.1
11/2/16,17959.64
11/3/16,17930.67
11/4/16,17888.28
11/7/16,18259.6
11/8/16,18332.74
11/9/16,18589.69
11/10/16,18807.88
11/11/16,18894.867739072208
11/14/16,19668.42438400943
11/15/16,19143.930223645613
11/16/16,21706.149896190072
11/17/16,19604.962552250512
11/18/16,19041.436266539058
11/21/16,20040.92501624777
11/22/16,18506.38575688482
11/23/16,19896.297422052296
11/25/16,19737.08167347229
11/28/16,19359.000483683118
11/29/16,17832.107432442637
11/30/16,19246.042368505616
12/1/16,20745.65435423543
12/2/16,18762.876681727015
12/5/16,19267.487836250195
12/6/16,19126.23425359417
12/7/16,19239.295656482383
12/8/16,19573.902516451533
12/9/16,21121.77918128348
12/12/16,20514.72791030922
12/13/16,20433.378535634874
12/14/16,20226.65061551986
12/15/16,20117.346556661072
12/16/16,18822.746953893733
12/19/16,20123.29943784504
12/20/16,19503.834876571098
12/21/16,20070.251486841084
12/22/16,20016.180493207332
12/23/16,21077.740324009814
12/27/16,21506.077505855177
12/28/16,20071.14096807963
12/29/16,19555.71900751142
12/30/16,19340.14494122713
1/3/17,19252.00086197841
1/4/17,19397.517382354254
1/5/17,20274.182080251398
1/6/17,19126.858100456786
1/9/17,20576.589294566278
1/10/17,20300.152246438276
1/11/17,19913.072665365333
1/12/17,19316.71578479598
1/13/17,20197.151709813472
1/17/17,19565.524365960006
1/18/17,19876.432462659635
1/19/17,20958.05764828362
1/20/17,19539.743712696905
1/23/17,20571.93297284349
1/24/17,19893.565528161558
1/25/17,20405.862366183133
1/26/17,19938.898161875157
1/27/17,19087.289921918822
1/30/17,20185.79046271661
1/31/17,21001.369469440873
2/1/17,19302.8194189246
2/2/17,19627.780679831998
2/3/17,19493.062542447096
2/6/17,21837.580933988793
2/7/17,19691.11332888976
2/8/17,20596.918027911957
2/9/17,20731.2556555236
2/10/17,19679.289517313024
2/13/17,20140.685857759323
2/14/17,20137.441357072174
2/15/17,20323.36709610199
2/16/17,21344.137017336765
2/17/17,20999.086066949574
2/21/17,21175.066070927936
2/22/17,22403.830374993977
2/23/17,20793.669514938552
2/24/17,20249.68526943073
2/27/17,20241.647581863293
2/28/17,20725.67956701316
3/1/17,21778.871675768463
3/2/17,20518.302560603963
3/3/17,19410.09121080904
3/6/17,20233.20501242092
3/7/17,20969.73878983391
3/8/17,20873.336338488494
3/9/17,21991.233685293482
3/10/17,19897.98840999095
3/13/17,21153.66433651168
3/14/17,21372.650864727282
3/15/17,22395.460398131378
3/16/17,20667.321109615772
3/17/17,21095.837852198816
3/20/17,20499.81599536382
3/21/17,20302.027732381965
3/22/17,20335.19313278899
3/23/17,21536.50631260217
3/24/17,19411.691243410754
3/27/17,20524.831969764044
3/28/17,20320.421653851925
3/29/17,20118.047312128667
3/30/17,20861.596154983275
3/31/17,20699.537785695324
4/3/17,20302.367426210647
4/4/17,20810.00952866086
4/5/17,21980.94021739593
4/6/17,21297.861898852865
4/7/17,20708.96743123835
4/10/17,19956.698742241017
4/11/17,21233.368872539304
4/12/17,20653.366657502913
4/13/17,20288.61588723728
4/17/17,20710.04731973756
4/18/17,20862.225938095027
4/19/17,20476.731273092
4/20/17,21307.017149614243
4/21/17,20282.39375338298
4/24/17,19721.350619722518
4/25/17,20812.43125697504
4/26/17,20058.92341905962
4/27/17,20009.43526550794
4/28/17,20697.18673574846
5/1/17,21463.137614026728
5/2/17,21635.557776976882
5/3/17,21822.096527410482
5/4/17,21083.299158439808
5/5/17,21247.138394658676
5/8/17,20701.481529565233
5/9/17,21994.254125289302
5/10/17,21192.249016644433
5/11/17,21777.782395316004
5/12/17,21247.21143401974
5/15/17,20307.08336112652
5/16/17,20378.380565703537
5/17/17,19907.417912337758
5/18/17,21723.54415253477
5/19/17,20697.212641834343
5/22/17,20356.716107761487
5/23/17,19731.809002460137
5/24/17,21137.73654506522
5/25/17,20902.040048899238
5/26/17,20954.445757434976
5/30/17,21121.844854273793
5/31/17,21047.2819942139
6/1/17,21733.48143088952
6/2/17,22064.79791037917
6/5/17,22254.337332863244
6/6/17,21580.709231245215
6/7/17,20613.22578739963
6/8/17,21691.813781125667
6/9/17,20864.554790544265
6/12/17,21355.428383846287
6/13/17,20609.46987383236
6/14/17,21456.890480496775
6/15/17,23179.193741563995
6/16/17,22150.60922139269
6/19/17,22419.65002181569
6/20/17,22843.394378678535
6/21/17,21506.033714861504
6/22/17,22165.559358286333
6/23/17,19568.83542470144
6/26/17,20148.551692778663
6/27/17,22786.391902718453
6/28/17,20612.838740745963
6/29/17,21931.981070351983
6/30/17,21042.329746043797
7/3/17,22441.46144284324
7/5/17,19529.67160956304
7/6/17,21286.531294806366
7/7/17,21557.591531325743
7/10/17,20909.676391119556
7/11/17,21790.0982096011
7/12/17,20317.536281150486
7/13/17,21148.488041859153
7/14/17,20356.087403726186
7/17/17,22056.46385007279
7/18/17,19824.047246170212
7/19/17,23236.80113149193
7/20/17,21501.737365642395
7/21/17,21881.77772604091
7/24/17,22045.40385067786
7/25/17,21342.144325225636
7/26/17,21989.014608336693
7/27/17,21569.87526347121
7/28/17,22557.478812622394
7/31/17,22713.056254683604
8/1/17,23152.034491525326
8/2/17,21574.29097508333
8/3/17,21458.57477052572
8/4/17,22854.55012092741
8/7/17,22826.89576821985
8/8/17,21798.43244555675
8/9/17,22053.354150477368
8/10/17,21325.32101853066
8/11/17,21809.300343357136
8/14/17,22205.223177961034
8/15/17,22512.50798507086
8/16/17,22338.308920404106
8/17/17,21481.82456602825
8/18/17,21845.235392496234
8/21/17,21557.055145411203
8/22/17,22593.53116474342
8/23/17,22235.49372494875
8/24/17,21126.82219697907
8/25/17,22560.06574221402
8/28/17,22301.51065548469
8/29/17,22952.136070275224
8/30/17,20619.082616734468
8/31/17,21171.886587967743
9/1/17,21531.416248542315
9/5/17,20266.487338057726
9/6/17,21511.201709017016
9/7/17,21441.98989999769
9/8/17,22212.915373961747
9/11/17,23718.44921408712
9/12/17,21884.981582082513
9/13/17,21605.515519347955
9/14/17,22194.76095830094
9/15/17,22300.297917864944
9/18/17,21245.33690346477
9/19/17,23454.6937931312
9/20/17,21757.163342234693
9/21/17,21701.636237208328
9/22/17,23156.000112127364
9/25/17,23855.223870396294
9/26/17,21713.935395002765
9/27/17,21961.30012479968
9/28/17,21720.610841425187
9/29/17,23285.46434575307
10/2/17,22394.25516131343
10/3/17,22637.063996071196
10/4/17,22136.762554203953
10/5/17,22320.649100256436
10/6/17,23094.837252632937
10/9/17,22991.54407797746
10/10/17,21983.702473216916
10/11/17,24179.220676527322
10/12/17,22020.932067915997
10/13/17,23315.21859118266
10/16/17,22509.282819118307
10/17/17,22407.198743298002
10/18/17,23402.108887533268
10/19/17,23382.232527661716
10/20/17,23276.727139055612
10/23/17,23047.631820078816
10/24/17,24365.338957970074
10/25/17,23974.163800736023
10/26/17,23406.115684294942
10/27/17,23504.76264087275
10/30/17,21361.977154813798
10/31/17,23687.873626398712
11/1/17,23016.319767177316
11/2/17,23813.989965925368
11/3/17,24578.148718848905
11/6/17,23218.34793137329
11/7/17,24004.000816812957
11/8/17,23308.3526316153
11/9/17,22989.320742847194
11/10/17,22535.13807730901
11/13/17,23316.474305786363
11/14/17,22688.107665937234
11/15/17,24489.43031332973
11/16/17,23670.3986137524
11/17/17,23492.334475622894
11/20/17,23547.401858253827
11/21/17,23150.940052438324
11/22/17,22899.543415468488
11/24/17,24267.90414225435
11/27/17,23336.79009331914
11/28/17,24130.362214054974
11/29/17,22971.305036000573
11/30/17,24161.81788010743
12/1/17,24986.905284278477
12/4/17,24001.15969792241
12/5/17,24449.523963229592
12/6/17,23934.078053603433
12/7/17,24612.17563801972
12/8/17,23828.552229653927
12/11/17,24626.127818097866
12/12/17,25073.691656003146
12/13/17,25204.660769998143
12/14/17,23652.284296810725
12/15/17,24378.512799645017
12/18/17,25377.741701220028
12/19/17,24617.13179452537
12/20/17,24818.943079516157
12/21/17,24746.919424590487
12/22/17,24822.961475896263
12/26/17,24771.693239959903
12/27/17,24762.027410638588
12/28/17,24835.47345279985
12/29/17,24767.66383387276
1/2/18,24760.263174422413
1/3/18,24896.71624141609
1/4/18,25044.74429060173
1/5/18,25904.057781647196
1/8/18,24602.874276583218
1/9/18,25736.58862570942
1/10/18,26378.747194728207
1/11/18,25939.701892204925
1/12/18,25945.58590643169
1/16/18,26203.423541277207
1/17/18,25992.43458466388
1/18/18,26017.81
1/19/18,26071.72
1/22/18,26214.6
1/23/18,26210.81
1/24/18,26252.12
1/25/18,26392.79
1/26/18,26616.71
1/29/18,26439.48
1/30/18,26076.89
1/31/18,26149.39
2/1/18,26186.71
2/2/18,25520.96
2/5/18,24345.75
2/6/18,24912.77
2/7/18,24893.35
2/8/18,23860.46
2/9/18,24190.9
2/12/18,24601.27
2/13/18,24640.45
2/14/18,24893.49
2/15/18,25200.37
2/16/18,25219.38
2/20/18,24964.75
2/21/18,24797.78
2/22/18,24962.48
2/23/18,25309.99
2/26/18,25709.27
2/27/18,25410.03
2/28/18,25029.2
3/1/18,24608.98
3/2/18,24538.06
3/5/18,24874.76
3/6/18,24884.12
3/7/18,24801.36
3/8/18,24895.21
3/9/18,25335.74
3/12/18,25178.61
3/13/18,25007.03
3/14/18,24758.12
3/15/18,24873.66
3/16/18,24946.51
3/19/18,24610.91
3/20/18,24727.27
3/21/18,24682.31
3/22/18,23957.89
3/23/18,23533.2
3/26/18,24202.6
3/27/18,23857.71
3/28/18,23848.42
3/29/18,24103.11
4/2/18,23644.19
4/3/18,24033.36
4/4/18,24264.3
4/5/18,24505.22
4/6/18,23932.76
4/9/18,23979.1
4/10/18,24408.0
4/11/18,24189.45
4/12/18,24483.05
4/13/18,24360.14
4/16/18,24573.04
4/17/18,24786.63
4/18/18,24748.07
4/19/18,24664.89
4/20/18,24462.94
4/23/18,24448.69
4/24/18,24024.13
4/25/18,24083.83
4/26/18,24322.34
4/27/18,24311.19
4/30/18,24163.15
5/1/18,24099.05
5/2/18,23924.98
5/3/18,23930.15
5/4/18,24262.51
5/7/18,24357.32
5/8/18,24360.21
5/9/18,24542.54
5/10/18,24739.53
5/11/18,24831.17
5/14/18,24899.41
5/15/18,24706.41
5/16/18,24768.93
5/17/18,24713.98
5/18/18,24715.09
5/21/18,25013.29
5/22/18,24834.41
5/23/18,24886.81
5/24/18,24811.76
5/25/18,24753.09
5/29/18,24361.45
5/30/18,24667.78
5/31/18,24415.84
6/1/18,24635.21
6/4/18,24813.69
6/5/18,24799.98
6/6/18,25146.39
6/7/18,25241.41
6/8/18,25316.53
6/11/18,25322.31
6/12/18,25320.73
6/13/18,25201.2
6/14/18,25175.31
6/15/18,25090.48
6/18/18,24987.47
6/19/18,24700.21
6/20/18,24657.8
6/21/18,24461.7
6/22/18,24580.89
6/25/18,24252.8
6/26/18,24283.11
6/27/18,24117.59
6/28/18,24216.05
6/29/18,24271.41
7/2/18,24307.18
7/3/18,24174.82
7/5/18,24356.74
7/6/18,24456.48
7/9/18,24776.59
7/10/18,24919.66
7/11/18,24700.45
7/12/18,24924.89
7/13/18,25019.41
7/16/18,25064.36
7/17/18,25119.89
7/18/18,25199.29
7/19/18,25064.5
7/20/18,25058.12
7/23/18,25044.29
7/24/18,25241.94
7/25/18,25414.1
7/26/18,25527.07
7/27/18,25451.06
7/30/18,25306.83
7/31/18,25415.19
8/1/18,25333.82
8/2/18,25326.16
8/3/18,25462.58
8/6/18,25502.18
8/7/18,25628.91
8/8/18,25583.75
8/9/18,25509.23
8/10/18,25313.14
8/13/18,25187.7
8/14/18,25299.92
8/15/18,25162.41
8/16/18,25558.73
8/17/18,25669.32
8/20/18,25758.69
8/21/18,25822.29
8/22/18,25733.6
8/23/18,25656.98
8/24/18,25790.35
8/27/18,26049.64
8/28/18,26064.02
8/29/18,26124.57
8/30/18,25986.92
8/31/18,25964.82
9/4/18,25952.48
9/5/18,25974.99
9/6/18,25995.87
9/7/18,26319.93822417972
9/10/18,25533.457223746278
9/11/18,24853.29699338553
9/12/18,24704.440241760607
9/13/18,27020.52251788228
9/14/18,26241.242997740013
9/17/18,26322.142963449398
9/18/18,26801.409828424497
9/19/18,26925.11067340616
9/20/18,26865.03317674103
9/21/18,28000.031710936415
9/24/18,26845.362542396066
9/25/18,27122.628604938258
9/26/18,25795.419080256783
9/27/18,27935.82282038557
9/28/18,26705.98979857758
10/1/18,25507.98231970195
10/2/18,27883.65150019443
10/3/18,27321.201915901343
10/4/18,26220.82944909075
10/5/18,27236.230807710945
10/8/18,26911.646169925418
10/9/18,26484.587341239552
10/10/18,24882.468216926467
10/11/18,24910.941724375614
10/12/18,25510.671194873103
10/15/18,25829.311321966805
10/16/18,27063.408482016166
10/17/18,25582.189667622766
10/18/18,25117.00214707432
10/19/18,25996.10600839971
10/22/18,25722.56022966456
10/23/18,25885.097228387764
10/24/18,25167.96850324429
10/25/18,23628.188540415875
10/26/18,23791.610327572325
10/29/18,24515.410893578603
10/30/18,24994.33201727385
10/31/18,25932.225266352056
11/1/18,25626.992786074203
11/2/18,24140.497239102762
11/5/18,26347.702510093757
11/6/18,24452.859175273104
11/7/18,24918.282811933714
11/8/18,25630.92852663133
11/9/18,25171.05754090539
11/12/18,24842.057894886355
11/13/18,25507.049437771293
11/14/18,26577.379491049098
11/15/18,25569.988713392173
11/16/18,25413.22
11/19/18,25017.44
11/20/18,24465.64
11/21/18,24464.69
11/23/18,24285.95
11/26/18,24640.24
11/27/18,24748.73
11/28/18,25366.43
11/29/18,25338.84
11/30/18,25538.46
12/3/18,25826.43
12/4/18,25027.07
12/6/18,24947.67
12/7/18,24388.95
12/10/18,24423.26
12/11/18,24370.24
12/12/18,24527.27
12/13/18,24597.38
12/14/18,24100.51
12/17/18,23592.98
12/18/18,23675.64
12/19/18,23323.66
12/20/18,22859.6
12/21/18,22445.37
12/24/18,21792.2
12/26/18,22878.45
12/27/18,23138.82
12/28/18,23062.4
12/31/18,23327.46
1/2/19,23346.24
1/3/19,22686.22
1/4/19,23433.16
1/7/19,23531.35
1/8/19,23787.45
1/9/19,23879.12
1/10/19,24001.92
1/11/19,23995.95
1/14/19,23909.84
1/15/19,24065.59
1/16/19,24207.16
1/17/19,24370.1
1/18/19,24706.35
1/22/19,24404.48
1/23/19,24575.62
1/24/19,24553.24
1/25/19,24737.2
1/28/19,24528.22
1/29/19,24579.96
1/30/19,25014.86
1/31/19,24999.67
2/1/19,25063.89
2/4/19,25239.37
2/5/19,25411.52
2/6/19,25390.3
2/7/19,25169.53
2/8/19,25106.33
2/11/19,25053.11
2/12/19,25425.76
2/13/19,25543.27
2/14/19,25439.39
2/15/19,25883.25
2/19/19,25891.32
2/20/19,25954.44
2/21/19,25850.63
2/22/19,26031.81
2/25/19,26091.95
2/26/19,26057.98
2/27/19,25985.16
2/28/19,25916.0
3/1/19,26026.32
3/4/19,25819.65
3/5/19,25806.63
3/6/19,25673.46
3/7/19,25473.23
3/8/19,25450.24
3/11/19,25650.88
3/12/19,25554.66
3/13/19,25702.89
3/14/19,25709.94
3/15/19,25848.87
3/18/19,25914.1
3/19/19,25887.38
3/20/19,25745.67
3/21/19,25962.51
3/22/19,25502.32
3/25/19,25516.83
3/26/19,25657.73
3/27/19,25625.59
3/28/19,25717.46
3/29/19,25928.68
4/1/19,26258.42
4/2/19,26179.13
4/3/19,26218.13
4/4/19,26384.63
4/5/19,26424.99
4/8/19,26341.02
4/9/19,26150.58
4/10/19,26157.16
4/11/19,26143.05
4/12/19,26412.3
4/15/19,26384.77
4/16/19,26452.66
4/17/19,26449.54
4/18/19,26559.54
4/22/19,26511.05
4/23/19,26656.39
4/24/19,26597.05
4/25/19,26462.08
4/26/19,26543.33
4/29/19,26554.39
4/30/19,26592.91
5/1/19,26430.14
5/2/19,26307.79
5/3/19,26504.95
5/6/19,26438.48
5/7/19,25965.09
5/8/19,25967.33
5/9/19,25828.36
5/10/19,25942.37
5/13/19,25324.99
5/14/19,25532.05
5/15/19,25648.02
5/16/19,25862.68
5/17/19,25764.0
5/20/19,25679.9
5/21/19,25877.33
5/22/19,25776.61
5/23/19,25490.47
5/24/19,25585.69
5/28/19,25347.77
5/29/19,25126.41
5/30/19,25169.88
5/31/19,24815.04
6/3/19,24819.78
6/4/19,25332.18
6/5/19,25539.57
6/6/19,25720.66
6/7/19,25983.94
6/10/19,26062.68
6/11/19,26048.51
6/12/19,26004.83
6/13/19,26106.77
6/14/19,26089.61
6/17/19,26112.53
6/18/19,26465.54
6/19/19,26504.0
6/20/19,26753.17
6/21/19,26719.13
6/24/19,26727.54
6/25/19,26548.22
6/26/19,26536.82
6/27/19,26526.58
6/28/19,26599.96
7/1/19,26717.43
7/2/19,26786.68
7/3/19,26966.0
7/5/19,26922.12
7/8/19,26806.14
7/9/19,26783.49
7/10/19,26860.2
7/11/19,27088.08
7/12/19,27332.03
7/15/19,27359.16
7/16/19,27335.63
7/17/19,27219.85
7/18/19,27222.97
7/19/19,27154.2
7/22/19,27171.9
7/23/19,27349.19
7/24/19,27269.97
7/25/19,27224.03161129833
7/26/19,27228.700953057065
7/29/19,27211.72464628951
7/30/19,27157.12653876853
7/31/19,26796.053532219623
8/1/19,26524.27526532724
8/2/19,26442.464013155863
8/5/19,25660.086937946664
8/6/19,26011.597252666244
8/7/19,25931.452453106896
8/8/19,26361.72766047784
8/9/19,26173.583802493085
8/12/19,25908.306078445778
8/13/19,26181.92215384896
8/14/19,25462.642285388098
8/15/19,25598.650217719747
8/16/19,25802.297315026022
8/19/19,26132.6085017906
8/20/19,25833.99603040191
8/21/19,26246.59115589475
8/22/19,26349.30589064386
8/23/19,25799.06713225935
8/26/19,25948.82611647361
8/27/19,25882.37440362665
8/28/19,26035.975556684924
8/29/19,26288.969962884727
8/30/19,26336.15831868623
9/3/19,26105.070920765083
9/4/19,26288.847829223065
9/5/19,26748.72950337588
9/6/19,26834.23172538784
9/9/19,26822.68387323796
9/10/19,26941.350527300136
9/11/19,27081.697757980462
9/12/19,27161.800804555038
9/13/19,27264.912269218905
9/16/19,27068.545690975785
9/17/19,27160.670765835097
9/18/19,27248.544118160386
9/19/19,27040.2304073177
9/20/19,26899.890828618165
9/23/19,27097.033054832904
9/24/19,26937.63849990621
9/25/19,26934.192355425846
9/26/19,26976.264553360244
9/27/19,26773.54840982316
9/30/19,26878.086066129308
10/1/19,26570.71034057941
10/2/19,26190.296703063417
10/3/19,26343.89332356921
10/4/19,26547.531077241416
10/7/19,26469.48505204564
10/8/19,26121.980781538645
10/9/19,26372.28615934712
10/10/19,26660.68466612585
10/11/19,26798.46826009131
10/14/19,26857.35817271154
10/15/19,26975.836486525743
10/16/19,26922.98796913297
10/17/19,27034.87279071173
10/18/19,26836.18591499945
10/21/19,26818.47524659348
10/22/19,26838.820941612823
10/23/19,26714.738738517808
10/24/19,26741.25834181647
10/25/19,26989.546235416507
10/28/19,27091.14777006773
10/29/19,27109.30283567817
10/30/19,27056.31598847184
10/31/19,26992.371839197775
11/1/19,27421.950101957504
11/4/19,27382.320152679946
11/5/19,27564.02890096016
11/6/19,27490.51061702196
11/7/19,27664.913197755734
11/8/19,27605.820374880648
11/11/19,27713.756783751476
11/12/19,27714.42277632747
11/13/19,27742.193915300657
11/14/19,27665.65109592248
11/15/19,28098.64486169708
11/18/19,27949.00446028147
11/19/19,27986.524293125567
11/20/19,27795.467215235247
11/21/19,27756.005368326223
11/22/19,27874.92062677521
11/25/19,28039.5165535945
11/26/19,28066.11990953984
11/27/19,28157.10800407006
11/29/19,28027.145831947146
12/2/19,27871.165885395945
12/3/19,27520.24958156734
12/4/19,27733.08473737414
12/5/19,27578.866331395708
12/6/19,27849.13347690209
12/9/19,28095.858313259192
12/10/19,27938.4917085682
12/11/19,28034.467944990472
12/12/19,28026.2128935375
12/13/19,28226.054280432225
12/16/19,28261.389382901565
12/17/19,28182.73312221357
12/18/19,28302.95528404977
12/19/19,28398.03973665201
12/20/19,28337.11057504731
12/23/19,28562.120322269115
12/24/19,28523.88953619924
12/26/19,28622.28310607546
12/27/19,28652.3661698099
12/30/19,28487.958368391148
12/31/19,28659.65535481576
1/2/20,28954.075948758687
1/3/20,28598.589324086573
1/6/20,28825.408673763548
1/7/20,28594.53153778075
1/8/20,28744.522912574324
1/9/20,29112.310733809536
1/10/20,28834.75611169782
1/13/20,28781.450029740045
1/14/20,29021.201882975263
1/15/20,29185.344588227767
1/16/20,29418.783643650426
1/17/20,29448.43253197411
1/21/20,29262.280147982598
1/22/20,29162.48591577573
1/23/20,29297.521232089774
1/24/20,28877.17491607546
1/27/20,28525.352074956583
1/28/20,28759.69329573805
1/29/20,28823.89313100734
1/30/20,28919.01236467212
1/31/20,28249.7541891571
2/3/20,28521.52672214677
2/4/20,28841.49222028703
2/5/20,29255.006998551275
2/6/20,29482.649620428645
2/7/20,29134.707553878445
2/10/20,29258.98438535459
2/11/20,29503.09436486925
2/12/20,29654.662928658898
2/13/20,29404.768727353257
2/14/20,29508.75542978057
2/18/20,29246.47077884988
2/19/20,29377.52408242103
2/20/20,29272.89096251866
2/21/20,29050.91027796511
2/24/20,28040.00332707834
2/25/20,27087.74549011929
2/26/20,26846.63736928916
2/27/20,25732.641309119816
2/28/20,25400.41264525035
3/2/20,26696.90244272456
3/3/20,25815.09300515072
3/4/20,27097.67140899748
3/5/20,26124.97217176247
3/6/20,25850.76725623272
3/9/20,23917.68010913979
3/10/20,24968.185099317805
3/11/20,23538.64199711968
3/12/20,21066.136164984124
3/13/20,23429.14715645437
3/16/20,20090.37255181565
3/17/20,21202.232475367797
3/18/20,19931.118805669048
3/19/20,20148.754890015607
3/20/20,19115.40476062088
3/23/20,18679.387821164222
3/24/20,20632.56511696318
3/25/20,21157.46543691318
3/26/20,22520.807073843825
3/27/20,21600.373617244357
3/30/20,22377.545346922638
3/31/20,21830.11326761235
4/1/20,21009.22351546952
4/2/20,22645.189021022168
4/3/20,21484.37615719931
4/6/20,22883.048183515493
4/7/20,23602.05023603708
4/8/20,23475.741947763778
4/9/20,23661.8922156724
4/13/20,22136.81793236428
4/14/20,25129.333335082385
4/15/20,22632.94486336009
4/16/20,22693.207170479054
4/17/20,23651.043219083498
4/20/20,22672.235026464183
4/21/20,21604.465752082335
4/22/20,23853.339182306594
4/23/20,23858.3192119797
4/24/20,23397.94900072366
4/27/20,24783.95169496952
4/28/20,23470.220399129586
4/29/20,24837.06527731825
4/30/20,25557.027763254926
5/1/20,24974.270478710794
5/4/20,24399.723580144328
5/5/20,23464.126471368352
5/6/20,23737.34850047343
5/7/20,23748.669691613606
5/8/20,23657.432546034775
5/11/20,24138.668461404715
5/12/20,24095.593807775876
5/13/20,22303.493049980265
5/14/20,23796.038964514162
5/15/20,23873.352129534574
5/18/20,25646.996072245456
5/19/20,24788.22584968475
5/20/20,24212.936952786604
5/21/20,24092.774902030116
5/22/20,23264.42452487616
5/26/20,25513.410428430238
5/27/20,24404.61783462233
5/28/20,25539.880775109403
5/29/20,25176.643741921635
6/1/20,24539.72669327609
6/2/20,25315.038804913256
6/3/20,25697.563567088306
6/4/20,25809.62740028034
6/5/20,26677.642883597753
6/8/20,28352.259424831696
6/9/20,27309.35356299837
6/10/20,27324.391004222347
6/11/20,24880.12219990321
6/12/20,24471.752927446243
6/15/20,25889.49247139592
6/16/20,26713.2212478122
6/17/20,25792.282588427133
6/18/20,26489.421212777557
6/19/20,26407.84357496985
6/22/20,27170.204951733256
6/23/20,25796.665144455063
6/24/20,25220.4213808702
6/25/20,24797.37368237717
6/26/20,24013.033398743315
6/29/20,24732.515508801902
6/30/20,26035.84934020665
7/1/20,24843.576318379335
7/2/20,25706.524861958605
7/6/20,27087.22113341562
7/7/20,27588.89200364752
7/8/20,26198.437972484655
7/9/20,26172.632655264228
7/10/20,26081.33490093987
7/13/20,26206.458087200717
7/14/20,27670.84056362575
7/15/20,26626.575663017982
7/16/20,25506.172009154154
7/17/20,26446.405293287986
7/20/20,26730.651377047438
7/21/20,27403.464089992587
7/22/20,26361.764552723296
7/23/20,26607.824849830864
7/24/20,26731.561205698574
7/27/20,26894.39759290307
7/28/20,27564.78196509113
7/29/20,26588.778847451806
7/30/20,26727.013027022636
7/31/20,25758.768939742546
8/3/20,27392.14161738707
8/4/20,26162.676490037757
8/5/20,27420.58600526527
8/6/20,27291.388987944676
8/7/20,27639.875801621456
8/10/20,27083.500055345987
8/11/20,27922.581565269364
8/12/20,26899.37931273429
8/13/20,27879.787111855523
8/14/20,27566.93309345686
8/17/20,26954.96775327433
8/18/20,28514.67504997876
8/19/20,27286.487214867026
8/20/20,27972.889634053477
8/21/20,27609.440629557666
8/24/20,28990.27860970989
8/25/20,27817.962374009683
8/26/20,27582.757827378922
8/27/20,28097.418554793403
8/28/20,29458.42734342532
8/31/20,29729.01745658363
9/1/20,28045.616441683364
9/2/20,29859.220327771804
9/3/20,27415.14565005991
9/4/20,27529.886205040224
9/8/20,28531.023210256113
9/9/20,26889.13400755889
9/10/20,28462.397752872304
9/11/20,26951.130036475603
9/14/20,28344.654243796223
9/15/20,26324.534047758232
9/16/20,28298.799213183607
9/17/20,28035.450295283536
9/18/20,28211.832291006853
9/21/20,25228.72260184318
9/22/20,25840.84550756371
9/23/20,27374.781161606443
9/24/20,28139.602131539436
9/25/20,26710.142367533066
9/28/20,27013.15498241438
9/29/20,25752.938651710585
9/30/20,26772.386035331965
10/1/20,27548.372043452608
10/2/20,25192.301571822005
10/5/20,27642.930696557036
10/6/20,27590.486171348017
10/7/20,29683.184990323858
10/8/20,27638.59931374275
10/9/20,28412.116567857538
10/12/20,28191.467651408468
10/13/20,28645.025721952075
10/14/20,28197.946237230946
10/15/20,26894.83456868706
10/16/20,27285.744172723
10/19/20,28862.108247374636
10/20/20,29760.561619642496
10/21/20,29839.260997820373
10/22/20,28312.82249976061
10/23/20,26371.93597606015
10/26/20,27304.483658286463
10/27/20,28484.807865434774
10/28/20,27168.962172961117
10/29/20,27955.402975466095
10/30/20,26499.31076987368
11/2/20,26668.494678289906
11/3/20,27360.57704815865
11/4/20,27658.92861003715
11/5/20,27706.85157228415
11/6/20,28940.09609403069
11/9/20,30033.190916024254
11/10/20,29667.61837079672
11/11/20,29838.978098970965
11/12/20,29233.525791084317
11/13/20,28806.13527250246
11/16/20,29417.43605801566
11/17/20,30554.475099112624
11/18/20,29578.622790568486
11/19/20,28642.950537430985
11/20/20,28996.159367149343
11/23/20,29909.63111596825
11/24/20,29349.258845175038
11/25/20,29077.493398080456
11/27/20,29595.567571837273
11/30/20,29030.110608930154
12/1/20,30997.956998773396
12/2/20,30602.09218381254
12/3/20,29450.65225659714
12/4/20,30814.360646021458
12/7/20,29552.00254748717
12/8/20,29944.201038038595
12/9/20,30328.43114536319
12/10/20,30198.316191910595
12/11/20,29873.985106198932
12/14/20,30844.0744108906
12/15/20,30353.283160347888
12/16/20,28580.970981366398
12/17/20,31144.66782716761
12/18/20,29495.883989639915
12/21/20,29517.553478775477
12/22/20,29434.41020129224
12/23/20,29338.105925325293
12/24/20,28978.076941253476
12/28/20,30806.950148532767
12/29/20,30386.587168387312
12/30/20,29644.143566077706
12/31/20,30606.48
1/4/21,30223.89
1/5/21,30391.6
1/6/21,30829.4
1/7/21,31129.85080917754
1/8/21,31179.68043326678
1/11/21,30994.69789426774
1/12/21,31056.164488047256
1/13/21,30948.206806277547
1/14/21,30998.899613125363
1/15/21,30740.251148516567
1/19/21,30973.46401891892
1/20/21,31169.13908880162
1/21/21,31203.445064716805
1/22/21,30926.32336303448
1/25/21,30991.02144457484
1/26/21,31026.78908289379
1/27/21,30370.02651633417
1/28/21,30695.307534203446
1/29/21,29968.748096784013
2/1/21,30181.025767386986
2/2/21,30722.55561831029
2/3/21,30798.617734461484
2/4/21,31135.90614462849
2/5/21,31059.244995914494
2/8/21,31479.079483426336
2/9/21,31467.19830538213
2/10/21,31533.61045402201
2/11/21,31432.38722827599
2/12/21,31435.36042916362
2/16/21,31617.28844628859
2/17/21,31550.14813571578
2/18/21,31511.15827665701
2/19/21,31496.53432325076
2/22/21,31582.1000252324
2/23/21,31584.077390135066
2/24/21,32014.866139271213
2/25/21,31323.534266301955
2/26/21,31020.662071202165
3/1/21,31424.55561400063
3/2/21,31312.12455951075
3/3/21,31396.9972353214
3/4/21,30934.14177486545
3/5/21,31482.16003177961
3/8/21,31621.061021579248
3/9/21,31845.196692589703
3/10/21,32280.974782407848
3/11/21,32440.513306686786
3/12/21,32935.04119534037
3/15/21,32919.173391460776
3/16/21,32986.0608563154
3/17/21,33130.74190161273
3/18/21,32842.89392751889
3/19/21,32736.48930461443
3/22/21,32699.06980878451
3/23/21,32359.933608674302
3/24/21,32483.7391408866
3/25/21,32584.354736111854
3/26/21,33019.27174839176
3/29/21,33297.525726842585
3/30/21,33051.88493964027
3/31/21,32952.23323923201
4/1/21,33178.480749381626
4/5/21,33545.40142754675
4/6/21,33445.75123367468
4/7/21,33516.67699885845
4/8/21,33563.44428667464
4/9/21,33812.94888037856
4/12/21,33712.23951820444
4/13/21,33673.781641578404
4/14/21,33688.19042466049
4/15/21,34124.363984386764
4/16/21,34029.88933307845
4/19/21,34065.65680752196
4/20/21,33874.48592638858
4/21/21,34133.48307735056
4/22/21,33706.43807836515
4/23/21,34043.49
4/26/21,33981.57
4/27/21,33984.93
4/28/21,33820.38
4/29/21,34060.36
4/30/21,33874.85
5/3/21,34113.23
5/4/21,34133.03
5/5/21,34230.34
5/6/21,34548.53
5/7/21,34777.76
5/10/21,34742.82
5/11/21,34269.16
5/12/21,33587.66
5/13/21,34021.45
5/14/21,34382.13
5/17/21,34327.79
5/18/21,34060.66
5/19/21,33896.04
5/20/21,34084.15
5/21/21,34207.84
5/24/21,34393.98
5/25/21,34312.46
5/26/21,34323.05
5/27/21,34464.64
5/28/21,34529.45
6/1/21,34575.31
6/2/21,34600.38
6/3/21,34577.04
6/4/21,34756.39
6/7/21,34630.24
6/8/21,34599.82
6/9/21,34447.14
6/10/21,34466.24
6/11/21,34479.6
6/14/21,34393.75
6/15/21,34299.33
6/16/21,34033.67
6/17/21,33823.45
6/18/21,33290.08
6/21/21,33876.97
6/22/21,33945.58
6/23/21,33874.24
6/24/21,34196.82
6/25/21,34433.84
6/28/21,34283.27
6/29/21,34292.29
6/30/21,34502.51
7/1/21,34633.53
7/2/21,34786.35
7/6/21,34577.37
7/7/21,34681.79
7/8/21,34421.93
7/9/21,34870.16
7/12/21,34996.18
7/13/21,34888.79
7/14/21,34933.23
7/15/21,34987.02
7/16/21,34687.85
7/19/21,33962.04
7/20/21,34511.99
7/21/21,34798.0
7/22/21,34823.35
7/23/21,35061.55
7/26/21,35144.31
7/27/21,35058.52
7/28/21,34930.93
7/29/21,35084.53
7/30/21,34935.47
8/2/21,34838.16
8/3/21,35116.4
8/4/21,34792.67
8/5/21,35064.25
8/6/21,35208.51
8/9/21,35101.85
8/10/21,35264.67
8/11/21,35484.97
8/12/21,35499.85
8/13/21,35515.38
8/16/21,35625.4
8/17/21,35343.28
8/18/21,34960.69
8/19/21,34894.12
8/20/21,35120.08
8/23/21,35335.71
8/24/21,35366.26
8/25/21,35405.5
8/26/21,35213.12
8/27/21,35455.8
8/30/21,35399.84
8/31/21,35360.73
9/1/21,35312.53
9/2/21,35443.82
9/3/21,35369.09
9/7/21,35100.0
9/8/21,35031.07
9/9/21,34879.38
9/10/21,34607.72
9/13/21,34869.63
9/14/21,34577.57
9/15/21,34814.39
9/16/21,34751.32
9/17/21,34584.88
9/20/21,33970.47
9/21/21,33919.84
9/22/21,34258.32
9/23/21,34764.82
9/24/21,34798.0
9/27/21,34869.37
9/28/21,34299.99
9/29/21,34390.72
9/30/21,33843.92
10/1/21,34326.46
10/4/21,34002.92
10/5/21,34314.67
10/6/21,34416.99
10/7/21,34754.94
10/8/21,34746.25
10/11/21,34496.06
10/12/21,34378.34
10/13/21,34377.81
10/14/21,34912.56
10/15/21,35294.76
10/18/21,35258.61
10/19/21,35457.31
10/20/21,35609.34
10/21/21,35603.08
10/22/21,35677.02
10/25/21,35741.15
10/26/21,35756.88
10/27/21,35490.69
10/28/21,35730.48
10/29/21,35819.56
11/1/21,35913.84
11/2/21,36052.63
11/3/21,36157.58
11/4/21,36124.23
11/5/21,36327.95
11/8/21,36432.22
11/9/21,36319.98
11/10/21,36079.94
11/11/21,35921.23
11/12/21,36100.31
11/15/21,36087.45
11/16/21,36142.22
11/17/21,35931.05
11/18/21,35870.95
11/19/21,35601.98
11/22/21,35619.25
11/23/21,35813.8
11/24/21,35804.38
11/26/21,34899.34
11/29/21,35135.94
11/30/21,34483.72
12/1/21,34022.04
12/2/21,34639.79
12/3/21,34580.08
12/6/21,35227.03
12/7/21,35719.43
12/8/21,35754.75
12/9/21,35754.69
12/10/21,35970.99
12/13/21,35650.95
12/14/21,35544.18
12/15/21,35927.43
12/16/21,35897.64
12/17/21,35365.44
12/20/21,34932.16
12/21/21,35492.7
12/22/21,35753.89
12/23/21,35950.56
12/27/21,36302.38
12/28/21,36398.21
12/29/21,36488.63
12/30/21,36398.08
12/31/21,36338.3
1/3/22,36585.06
1/4/22,36799.65
1/5/22,36407.11
1/6/22,36236.47
1/7/22,36231.66
1/10/22,36068.87
1/11/22,36252.02
1/12/22,36290.32
1/13/22,36113.62
1/14/22,35911.81
1/18/22,35368.47
1/19/22,35028.65
1/20/22,34715.39
1/21/22,34265.37
1/24/22,34364.5
1/25/22,34297.73
1/26/22,34168.09
1/27/22,34160.78
1/28/22,34725.47
1/31/22,35131.86
2/1/22,35405.24
2/2/22,35629.33
2/3/22,35111.16
2/4/22,35089.74
2/7/22,35091.13
2/8/22,35462.78
2/9/22,35768.06
2/10/22,35241.59
2/11/22,34738.06
2/14/22,34566.17
2/15/22,34988.84
2/16/22,34934.27
2/17/22,34312.03
2/18/22,34079.18
2/22/22,33596.61
2/23/22,33131.76
2/24/22,33223.83
2/25/22,34058.75
2/28/22,33892.6
3/1/22,33294.95
3/2/22,33891.35
3/3/22,33794.66
3/4/22,33614.8
3/7/22,32817.38
3/8/22,32632.64
3/9/22,33286.25
3/10/22,33174.07
3/11/22,32944.19
3/14/22,32945.24
3/15/22,33544.34
3/16/22,34063.1
3/17/22,34480.76
3/18/22,34754.93
3/21/22,34552.99
3/22/22,34807.46
3/23/22,34358.5
3/24/22,34707.94
3/25/22,34861.24
3/28/22,34955.89
3/29/22,35294.19
3/30/22,35228.81
3/31/22,34678.35
4/1/22,34818.27
4/4/22,34921.88
4/5/22,34641.18
4/6/22,34496.51
4/7/22,34583.57
4/8/22,34721.12
4/11/22,34308.08
4/12/22,34220.36
4/13/22,34564.59
4/14/22,34451.23
4/18/22,34411.69
4/19/22,34911.2
4/20/22,35160.79
4/21/22,34792.76
4/22/22,33811.4
4/25/22,34049.46
4/26/22,33240.18
4/27/22,33301.93
4/28/22,33916.39
4/29/22,32977.21
5/2/22,33061.5
5/3/22,33128.79
5/4/22,34061.06
5/5/22,32997.97
5/6/22,32899.37
5/9/22,32245.7
5/10/22,32160.74
5/11/22,31834.11
5/12/22,31730.3
5/13/22,32196.66
5/16/22,32223.42
5/17/22,32654.59
5/18/22,31490.07
5/19/22,31253.13
5/20/22,31261.9
5/23/22,31880.24
5/24/22,31928.62
5/25/22,32120.28
5/26/22,32637.19
5/27/22,33212.96
5/31/22,32990.12
6/1/22,32813.23
6/2/22,33248.28
6/3/22,32899.7
6/6/22,32915.78
6/7/22,33180.14
6/8/22,32910.9
6/9/22,32272.79
6/10/22,31392.79
6/13/22,30516.74
6/14/22,30364.83
6/15/22,30668.53
6/16/22,29927.07
6/17/22,29888.78
6/21/22,30530.25
6/22/22,30483.13
6/23/22,30677.36
6/24/22,31500.68
6/27/22,31438.26
6/28/22,30946.99
6/29/22,31029.31
6/30/22,30775.43
7/1/22,31097.26
7/5/22,30967.82
7/6/22,31037.68
7/7/22,31384.55
7/8/22,31338.15
7/11/22,31173.84
7/12/22,30981.33
7/13/22,30772.79
7/14/22,30630.17
7/15/22,31288.26
7/18/22,31072.61
7/19/22,31827.05
7/20/22,31874.84
7/21/22,32036.9
7/22/22,31899.29
7/25/22,31990.04
7/26/22,31761.54
7/27/22,32197.59
7/28/22,32529.63
7/29/22,32845.13
8/1/22,32798.4
8/2/22,32396.17
8/3/22,32812.5
8/4/22,32726.82
8/5/22,32803.47
8/8/22,32832.54
8/9/22,32774.41
8/10/22,33309.51
8/11/22,33336.67
8/12/22,33761.05
8/15/22,33912.44
8/16/22,34152.01
8/17/22,33980.32
8/18/22,33999.04
8/19/22,33706.74
8/22/22,33063.61
8/23/22,32909.59
8/24/22,32969.23
8/25/22,33291.78
8/26/22,32283.4
8/29/22,32098.99
8/30/22,31790.87
8/31/22,31510.43
9/1/22,31656.42
9/2/22,31318.44
9/6/22,31145.3
9/7/22,31581.28
9/8/22,31774.52
9/9/22,32151.71
9/12/22,32381.34
9/13/22,31104.97
9/14/22,31135.09
9/15/22,30961.82
9/16/22,30822.42
9/19/22,31019.68
9/20/22,30706.23
9/21/22,30183.78
9/22/22,30076.68
9/23/22,29590.41
9/26/22,29260.81
9/27/22,29134.99
9/28/22,29683.74
9/29/22,29225.61
9/30/22,28725.51
10/3/22,29490.89
10/4/22,30316.32
10/5/22,30273.87
10/6/22,29926.94
10/7/22,29296.79
10/10/22,29202.88
10/11/22,29239.19
10/12/22,29210.85
10/13/22,30038.72
10/14/22,29634.83
10/17/22,30185.82
10/18/22,30523.8
10/19/22,30423.81
10/20/22,30333.59
10/21/22,31082.56
10/24/22,31499.62
10/25/22,31836.74
10/26/22,31839.11
10/27/22,32033.28
10/28/22,32861.8
10/31/22,32732.95
11/1/22,32653.2
11/2/22,32147.76
11/3/22,32001.25
11/4/22,32403.22
11/7/22,32827.0
11/8/22,33160.83
11/9/22,32513.94
11/10/22,33715.37
