Effective date ,Dow Jones Industrial Average
10/31/12,13096.46
11/1/12,13232.62
11/2/12,13093.16
11/5/12,13112.44
11/6/12,13245.68
11/7/12,12932.73
11/8/12,12811.32
11/9/12,12815.39
11/12/12,12815.08
11/13/12,12756.18
11/14/12,12570.95
11/15/12,12542.38
11/16/12,12588.31
11/19/12,12795.96
11/20/12,12788.51
11/21/12,12836.89
11/23/12,13009.68
11/26/12,12967.37
11/27/12,12878.13
11/28/12,12985.11
11/29/12,13021.82
11/30/12,13025.58
12/3/12,12965.6
12/4/12,12951.78
12/5/12,13034.49
12/6/12,13074.04
12/7/12,13155.13
12/10/12,13169.88
12/11/12,13248.44
12/12/12,13245.45
12/13/12,13170.72
12/14/12,13135.01
12/17/12,13235.39
12/18/12,13350.96
12/19/12,13251.97
12/20/12,13311.72
12/21/12,13190.84
12/24/12,13139.08
12/26/12,13114.59
12/27/12,13096.31
12/28/12,12938.11
12/31/12,13104.14
1/2/13,13412.55
1/3/13,13391.36
1/4/13,13435.21
1/7/13,13384.29
1/8/13,13328.85
1/9/13,13390.51
1/10/13,13471.22
1/11/13,13488.43
1/14/13,13507.32
1/15/13,13534.89
1/16/13,13511.23
1/17/13,13596.02
1/18/13,13649.7
1/22/13,13712.21
1/23/13,13779.33
1/24/13,13825.33
1/25/13,13895.98
1/28/13,13881.93
1/29/13,13954.42
1/30/13,13910.42
1/31/13,13860.58
2/1/13,14009.79
2/4/13,13880.08
2/5/13,13979.3
2/6/13,13986.52
2/7/13,13944.05
2/8/13,13992.97
2/11/13,13971.24
2/12/13,14018.7
2/13/13,13982.91
2/14/13,13973.39
2/15/13,13981.76
2/19/13,14035.67
2/20/13,13927.54
2/21/13,13880.62
2/22/13,14000.57
2/25/13,13784.17
2/26/13,13900.13
2/27/13,14075.37
2/28/13,14054.49
3/1/13,14089.66
3/4/13,14127.82
3/5/13,14253.77
3/6/13,14296.24
3/7/13,14329.49
3/8/13,14397.07
3/11/13,14447.29
3/12/13,14450.06
3/13/13,14455.28
3/14/13,14539.14
3/15/13,14514.11
3/18/13,14452.06
3/19/13,14455.82
3/20/13,14511.73
3/21/13,14421.49
3/22/13,14512.03
3/25/13,14447.75
3/26/13,14559.65
3/27/13,14526.16
3/28/13,14578.54
4/1/13,14572.85
4/2/13,14662.01
4/3/13,14550.35
4/4/13,14606.11
4/5/13,14565.25
4/8/13,14613.48
4/9/13,14673.46
4/10/13,14802.24
4/11/13,14865.14
4/12/13,14865.06
4/15/13,14599.2
4/16/13,14756.78
4/17/13,14618.59
4/18/13,14537.14
4/19/13,14547.51
4/22/13,14567.17
4/23/13,14719.46
4/24/13,14676.3
4/25/13,14700.8
4/26/13,14712.55
4/29/13,14818.75
4/30/13,14839.8
5/1/13,14700.95
5/2/13,14831.58
5/3/13,14973.96
5/6/13,14968.89
5/7/13,15056.2
5/8/13,15105.12
5/9/13,15082.62
5/10/13,15118.49
5/13/13,15091.68
5/14/13,15215.25
5/15/13,15275.69
5/16/13,15233.22
5/17/13,15354.4
5/20/13,15335.28
5/21/13,15387.58
5/22/13,15307.17
5/23/13,15294.5
5/24/13,15303.1
5/28/13,15409.39
5/29/13,15302.8
5/30/13,15324.53
5/31/13,15115.57
6/3/13,15254.03
6/4/13,15177.54
6/5/13,14960.59
6/6/13,15040.62
6/7/13,15248.12
6/10/13,15238.59
6/11/13,15122.02
6/12/13,14995.23
6/13/13,15176.08
6/14/13,15070.18
6/17/13,15179.85
6/18/13,15318.23
6/19/13,15112.19
6/20/13,14758.32
6/21/13,14799.4
6/24/13,14659.56
6/25/13,14760.31
6/26/13,14910.14
6/27/13,15024.49
6/28/13,14909.6
7/1/13,14974.96
7/2/13,14932.41
7/3/13,14988.55
7/5/13,15135.84
7/8/13,15224.69
7/9/13,15300.34
7/10/13,15291.66
7/11/13,15460.92
7/12/13,15464.3
7/15/13,15484.26
7/16/13,15451.85
7/17/13,15470.52
7/18/13,15548.54
7/19/13,15543.74
7/22/13,15545.55
7/23/13,15567.74
7/24/13,15542.24
7/25/13,15555.61
7/26/13,15558.83
7/29/13,15521.97
7/30/13,15520.59
7/31/13,15499.54
8/1/13,15628.02
8/2/13,15658.36
8/5/13,15612.13
8/6/13,15518.74
8/7/13,15470.67
8/8/13,15498.32
8/9/13,15425.51
8/12/13,15419.68
8/13/13,15451.01
8/14/13,15337.66
8/15/13,15112.19
8/16/13,15081.47
8/19/13,15010.74
8/20/13,15002.99
8/21/13,14897.55
8/22/13,14963.74
8/23/13,15010.51
8/26/13,14946.46
8/27/13,14776.13
8/28/13,14824.51
8/29/13,14840.95
8/30/13,14810.31
9/3/13,14833.96
9/4/13,14930.87
9/5/13,14937.48
9/6/13,14922.5
9/9/13,15063.12
9/10/13,15191.06
9/11/13,15326.6
9/12/13,15300.64
9/13/13,15376.06
9/16/13,15494.78
9/17/13,15529.73
9/18/13,15676.94
9/19/13,15636.55
9/20/13,15451.09
9/23/13,15401.38
9/24/13,15334.59
9/25/13,15273.26
9/26/13,15328.3
9/27/13,15258.24
9/30/13,15129.67
10/1/13,15191.7
10/2/13,15133.14
10/3/13,14996.48
10/4/13,15072.58
10/7/13,14936.24
10/8/13,14776.53
10/9/13,14802.98
10/10/13,15126.07
10/11/13,15237.11
10/14/13,15301.26
10/15/13,15168.01
10/16/13,15373.83
10/17/13,15371.65
10/18/13,15399.65
10/21/13,15392.2
10/22/13,15467.66
10/23/13,15413.33
10/24/13,15509.21
10/25/13,15570.28
10/28/13,15568.93
10/29/13,15680.35
10/30/13,15618.76
10/31/13,15545.75
11/1/13,15615.55
11/4/13,15639.12
11/5/13,15618.22
11/6/13,15746.88
11/7/13,15593.98
11/8/13,15761.78
11/11/13,15783.1
11/12/13,15750.67
11/13/13,15821.63
11/14/13,15876.22
11/15/13,15961.7
11/18/13,15976.02
11/19/13,15967.03
11/20/13,15900.82
11/21/13,16009.99
11/22/13,16017.620631682497
11/25/13,16137.797744029893
11/26/13,15989.798092779823
11/27/13,16090.595180225871
11/29/13,16102.808906934813
12/2/13,16032.351065599194
12/3/13,15970.001162619137
12/4/13,15903.275944575384
12/5/13,15867.90522271166
12/6/13,15945.130641242586
12/9/13,16160.916637746976
12/10/13,15864.173161133785
12/11/13,15840.666869505014
12/12/13,15813.106333533067
12/13/13,15806.773300771774
12/16/13,15899.904173739735
12/17/13,15972.781772688162
12/18/13,16032.250508815245
12/19/13,16202.208431597695
12/20/13,16168.74924412511
12/23/13,16514.855887246387
12/24/13,16416.803837722655
12/26/13,16640.83278072767
12/27/13,16479.306359922124
12/30/13,16493.640776921708
12/31/13,16509.749972271653
1/2/14,16287.698826214491
1/3/14,16468.442986911203
1/6/14,16471.11925749361
1/7/14,16532.43725673113
1/8/14,16655.124675209318
1/9/14,16444.76
1/10/14,16437.05
1/13/14,16257.94
1/14/14,16373.86
1/15/14,16481.94
1/16/14,16417.01
1/17/14,16458.56
1/21/14,16414.44
1/22/14,16373.34
1/23/14,16197.35
1/24/14,15879.11
1/27/14,15837.88
1/28/14,15928.56
1/29/14,15738.79
1/30/14,15848.61
1/31/14,15698.85
2/3/14,15372.8
2/4/14,15445.24
2/5/14,15440.23
2/6/14,15628.53
2/7/14,15794.08
2/10/14,15801.79
2/11/14,15994.77
2/12/14,15963.94
2/13/14,16027.59
2/14/14,16154.39
2/18/14,16130.4
2/19/14,16040.56
2/20/14,16133.23
2/21/14,16103.3
2/24/14,16207.14
2/25/14,16179.66
2/26/14,16198.41
2/27/14,16272.65
2/28/14,16321.71
3/3/14,16168.03
3/4/14,16395.88
3/5/14,16360.18
3/6/14,16421.89
3/7/14,16452.72
3/10/14,16418.68
3/11/14,16351.25
3/12/14,16340.08
3/13/14,16108.89
3/14/14,16065.67
3/17/14,16247.22
3/18/14,16336.19
3/19/14,16222.17
3/20/14,16331.05
3/21/14,16302.77
3/24/14,16276.69
3/25/14,16367.88
3/26/14,16268.99
3/27/14,16264.23
3/28/14,16323.06
3/31/14,16457.66
4/1/14,16532.61
4/2/14,16573.0
4/3/14,16572.55
4/4/14,16412.71
4/7/14,16245.87
4/8/14,16256.14
4/9/14,16437.18
4/10/14,16170.22
4/11/14,16026.75
4/14/14,16173.24
4/15/14,16262.56
4/16/14,16424.85
4/17/14,16408.54
4/21/14,16449.25
4/22/14,16514.37
4/23/14,16501.65
4/24/14,16501.65
4/25/14,16361.46
4/28/14,16448.74
4/29/14,16535.37
4/30/14,16580.84
5/1/14,16558.87
5/2/14,16512.89
5/5/14,16530.55
5/6/14,16401.02
5/7/14,16518.54
5/8/14,16550.97
5/9/14,16583.34
5/12/14,16695.47
5/13/14,16715.44
5/14/14,16613.97
5/15/14,16446.81
5/16/14,16491.31
5/19/14,16511.86
5/20/14,16374.31
5/21/14,16533.06
5/22/14,16543.08
5/23/14,16606.27
5/27/14,16675.5
5/28/14,16633.18
5/29/14,16698.74
5/30/14,16717.17
6/2/14,16743.63
6/3/14,16722.34
6/4/14,16737.53
6/5/14,16836.11
6/6/14,16924.28
6/9/14,16943.1
6/10/14,16945.92
6/11/14,16843.88
6/12/14,16734.19
6/13/14,16775.74
6/16/14,16781.01
6/17/14,16808.49
6/18/14,16906.62
6/19/14,16921.46
6/20/14,16947.08
6/23/14,16937.26
6/24/14,16818.13
6/25/14,16867.51
6/26/14,16846.13
6/27/14,16851.84
6/30/14,16826.6
7/1/14,16956.07
7/2/14,16976.24
7/3/14,17068.26
7/7/14,17024.21
7/8/14,16906.62
7/9/14,16985.61
7/10/14,16915.07
7/11/14,16943.81
7/14/14,17055.42
7/15/14,17060.68
7/16/14,17138.2
7/17/14,16976.81
7/18/14,17100.18
7/21/14,17051.73
7/22/14,17113.54
7/23/14,17086.63
7/24/14,17083.8
7/25/14,16960.57
7/28/14,16982.59
7/29/14,16912.11
7/30/14,16880.36
7/31/14,16563.3
8/1/14,16493.37
8/4/14,16569.28
8/5/14,16429.47
8/6/14,16443.34
8/7/14,16368.27
8/8/14,16553.93
8/11/14,16569.98
8/12/14,16560.54
8/13/14,16651.8
8/14/14,16713.58
8/15/14,16662.91
8/18/14,16838.74
8/19/14,16919.59
8/20/14,16979.13
8/21/14,17039.49
8/22/14,17001.22
8/25/14,17076.87
8/26/14,17106.7
8/27/14,17122.01
8/28/14,17079.57
8/29/14,17098.45
9/2/14,17067.56
9/3/14,17078.28
9/4/14,17069.58
9/5/14,17137.36
9/8/14,17111.42
9/9/14,17013.87
9/10/14,17068.71
9/11/14,17049.0
9/12/14,16987.51
9/15/14,17031.14
9/16/14,17131.97
9/17/14,17156.85
9/18/14,17265.99
9/19/14,17279.74
9/22/14,17172.68
9/23/14,17055.87
9/24/14,17210.06
9/25/14,16945.8
9/26/14,17113.15
9/29/14,17071.22
9/30/14,17042.9
10/1/14,16804.71
10/2/14,16801.05
10/3/14,17009.69
10/6/14,16991.91
10/7/14,16719.39
10/8/14,16994.22
10/9/14,16659.25
10/10/14,16544.1
10/13/14,16321.07
10/14/14,16315.19
10/15/14,16141.74
10/16/14,16117.24
10/17/14,16380.41
10/20/14,16399.67
10/21/14,16614.81
10/22/14,16461.32
10/23/14,16677.9
10/24/14,16805.41
10/27/14,16817.94
10/28/14,17005.75
10/29/14,16974.31
10/30/14,17195.42
10/31/14,17390.52
11/3/14,17366.24
11/4/14,17383.84
11/5/14,17484.53
11/6/14,17554.47
11/7/14,17573.93
11/10/14,17613.74
11/11/14,17614.9
11/12/14,17612.2
11/13/14,17652.79
11/14/14,17634.74
11/17/14,17647.75
11/18/14,17687.82
11/19/14,17685.73
11/20/14,17719.0
11/21/14,17810.06
11/24/14,17817.9
11/25/14,17814.94
11/26/14,17827.75
11/28/14,17828.24
12/1/14,17776.8
12/2/14,17879.55
12/3/14,17912.62
12/4/14,17900.1
12/5/14,17958.79
12/8/14,17852.48
12/9/14,17801.2
12/10/14,17533.15
12/11/14,17596.34
12/12/14,17280.83
12/15/14,17180.84
12/16/14,17068.87
12/17/14,17356.87
12/18/14,17778.15
12/19/14,17804.8
12/22/14,17959.44
12/23/14,18024.17
12/24/14,18030.21
12/26/14,18053.71
12/29/14,18038.23
12/30/14,17983.07
12/31/14,17823.07
1/2/15,17832.99
1/5/15,17501.65
1/6/15,17415.07491390735
1/7/15,17531.810103657277
1/8/15,18034.625682191345
1/9/15,17656.821991243545
1/12/15,17598.11291534697
1/13/15,17652.67156834697
1/14/15,17433.4196815902
1/15/15,17212.68848448435
1/16/15,17599.505878237083
1/20/15,17522.609833961535
1/21/15,17531.2421495274
1/22/15,17875.24136129673
1/23/15,17652.873797150347
1/26/15,17696.044185908948
1/27/15,17334.82682732396
1/28/15,17205.192848890558
1/29/15,17458.830091264528
1/30/15,17322.603087971143
2/2/15,17324.94230048003
2/3/15,17751.989505030033
2/4/15,17661.156134335433
2/5/15,17951.361985097723
2/6/15,17910.93284113535
2/9/15,17711.108491427534
2/10/15,17751.826624387802
2/11/15,17916.356807326694
2/12/15,17964.632860176986
2/13/15,17974.609590416803
2/17/15,18029.96755063941
2/18/15,18002.94748182676
2/19/15,17945.60947773994
2/20/15,18132.55139739749
2/23/15,18183.372173334406
2/24/15,18306.650027476247
2/25/15,18279.609996270287
2/26/15,18072.24740203407
2/27/15,18266.763360685516
3/2/15,18195.38119047972
3/3/15,18205.641311355143
3/4/15,18012.23576372568
3/5/15,18140.32292676823
3/6/15,17834.520204683893
3/9/15,17971.50106983164
3/10/15,17728.591010164724
3/11/15,17615.10457569995
3/12/15,17923.526067577342
3/13/15,17821.345998082707
3/16/15,17979.88696140159
3/17/15,17870.284031437976
3/18/15,18197.14759797252
3/19/15,18050.68345025734
3/20/15,18228.46975802535
3/23/15,18073.10748351147
3/24/15,18012.442573170003
3/25/15,17709.09299345529
3/26/15,17675.414278226017
3/27/15,17685.244247333598
3/30/15,17955.77243322531
3/31/15,17741.28017131306
4/1/15,17514.188791283505
4/2/15,17780.590769508304
4/6/15,17957.832156168268
4/7/15,17934.641575822974
4/8/15,18008.355919716836
4/9/15,17951.772853424038
4/10/15,18067.447693601378
4/13/15,17866.93936663063
4/14/15,18039.582557620237
4/15/15,18225.280842765875
4/16/15,18076.25548488761
4/17/15,17801.653560425035
4/20/15,18039.14264439279
4/21/15,17947.16563749862
4/22/15,18027.343538833247
4/23/15,18056.635918319218
4/24/15,18063.813078617637
4/27/15,18025.77951489101
4/28/15,18161.973790900585
4/29/15,18044.240199213502
4/30/15,17784.919140723967
5/1/15,17980.501986838135
5/4/15,18019.093397150173
5/5/15,17852.98823352924
5/6/15,17853.51155905206
5/7/15,17951.081573722353
5/8/15,18204.559332014902
5/11/15,17943.819379098022
5/12/15,17946.212767254896
5/13/15,17993.461229407265
5/14/15,18186.079645579808
5/15/15,18327.735267893666
5/18/15,18193.4392787996
5/19/15,18246.582711783958
5/20/15,18307.306961061284
5/21/15,18279.84900247542
5/22/15,18293.618847498063
5/26/15,17832.14084906185
5/27/15,18074.082904304032
5/28/15,18188.59359905189
5/29/15,18015.953872474973
6/1/15,18067.910405722232
6/2/15,17909.34833077738
6/3/15,18078.752544603612
6/4/15,17883.244493426806
6/5/15,17909.236386469893
6/8/15,17694.69122988361
6/9/15,17799.185370088016
6/10/15,18081.0722787837
6/11/15,18034.11257680664
6/12/15,17971.880699265843
6/15/15,17718.14887139317
6/16/15,17992.49292969034
6/17/15,18087.624438881987
6/18/15,18037.584251600234
6/19/15,18129.266140356758
6/22/15,18225.67373701806
6/23/15,18175.14632473483
6/24/15,18036.589356263437
6/25/15,17926.66646724992
6/26/15,17963.152832256237
6/29/15,17542.642399646844
6/30/15,17587.082542304994
7/1/15,17679.28641412267
7/2/15,17714.21667512027
7/6/15,17706.69362067121
7/7/15,17792.20597645685
7/8/15,17566.883838261638
7/9/15,17553.404598269623
7/10/15,17641.98502923475
7/13/15,18119.16508550497
7/14/15,18101.923694654983
7/15/15,18079.394243377315
7/16/15,18162.264551457327
7/17/15,18117.65814520959
7/20/15,18087.076167379862
7/21/15,17949.206864766566
7/22/15,17838.2677948043
7/23/15,17725.200602785942
7/24/15,17534.964178549784
7/27/15,17522.373682443846
7/28/15,17707.08632730549
7/29/15,17573.503596239054
7/30/15,17681.67605025082
7/31/15,17503.886175678814
8/3/15,17602.33161491421
8/4/15,17635.438932081117
8/5/15,17569.32408145095
8/6/15,17450.034858313546
8/7/15,17293.487574404346
8/10/15,17454.04185869207
8/11/15,17429.391202080966
8/12/15,17496.516434329966
8/13/15,17425.055536707623
8/14/15,17482.466003929552
8/17/15,17615.49915595391
8/18/15,17523.217099928195
8/19/15,17408.761037629694
8/20/15,17039.171088135983
8/21/15,16530.876564442544
8/24/15,15796.926074915056
8/25/15,15713.212647093056
8/26/15,16365.902523366196
8/27/15,16646.084997456066
8/28/15,16619.287254571434
8/31/15,16551.411018908984
9/1/15,15987.327509587834
9/2/15,16249.650246116764
9/3/15,16445.947680535246
9/4/15,16157.240499638983
9/8/15,16480.50989227205
9/9/15,16167.888585368348
9/10/15,16372.489710233189
9/11/15,16386.29359089399
9/14/15,16416.04142445296
9/15/15,16611.840980432662
9/16/15,16754.165249262318
9/17/15,16728.974919729397
9/18/15,16318.390264704374
9/21/15,16478.11752015226
9/22/15,16369.208335946738
9/23/15,16180.40228765437
9/24/15,16045.686633987061
9/25/15,16237.339444775602
9/28/15,16087.922136336454
9/29/15,16071.195179124736
9/30/15,16300.76781657455
10/1/15,16283.8936967995
10/2/15,16611.834504379036
10/5/15,16810.715826000895
10/6/15,16775.57239521067
10/7/15,16962.658962075213
10/8/15,16853.243109185085
10/9/15,17098.90303586358
10/12/15,17153.148993922834
10/13/15,17052.19089944206
10/14/15,17026.628082988776
10/15/15,17205.028377709757
10/16/15,17275.191950760483
10/19/15,17343.83171748277
10/20/15,17246.142273244135
10/21/15,17159.44168807095
10/22/15,17381.546511266784
10/23/15,17553.731331742078
10/26/15,17591.603726564856
10/27/15,17688.273700416557
10/28/15,17730.087862583416
10/29/15,17751.79563609226
10/30/15,17752.57648888816
11/2/15,17749.506989879355
11/3/15,17793.801755709086
11/4/15,17809.010163859057
11/5/15,17913.023044403082
11/6/15,17854.809010298235
11/9/15,17685.33792426941
11/10/15,17784.514950796474
11/11/15,17802.22183657906
11/12/15,17508.15631037379
11/13/15,17273.802950857076
11/16/15,17566.21577591021
11/17/15,17485.274020617748
11/18/15,17637.16349371828
11/19/15,17666.34106194338
11/20/15,17717.12247479262
11/23/15,17810.904072025023
11/24/15,17736.29297320183
11/25/15,17738.428873525052
11/27/15,17654.958142133855
11/30/15,17838.582782889738
12/1/15,17842.574800723007
12/2/15,17651.235638231654
12/3/15,17588.35298221384
12/4/15,17864.50122119795
12/7/15,17805.622848674113
12/8/15,17571.456835921428
12/9/15,17466.36328747367
12/10/15,17544.23041495263
12/11/15,17311.486374517153
12/14/15,17396.078716482127
12/15/15,17520.988961201292
12/16/15,17766.761548265273
12/17/15,17406.598639304142
12/18/15,17100.003158617033
12/21/15,17187.752863086556
12/22/15,17416.906806439103
12/23/15,17598.78557356806
12/24/15,17659.344814112526
12/28/15,17478.582448439094
12/29/15,17713.346327482956
12/30/15,17645.34450966318
12/31/15,17510.798244548536
1/4/16,17009.877315869806
1/5/16,17087.49728707039
1/6/16,17055.364198559844
1/7/16,16402.71029019936
1/8/16,16408.986268504814
1/11/16,16446.13354133416
1/12/16,16429.934859548564
1/13/16,16136.984725856819
1/14/16,16296.874350450551
1/15/16,15941.025515115727
1/19/16,16052.52099208392
1/20/16,15794.141513871262
1/21/16,15877.166552109411
1/22/16,16113.392793078112
1/25/16,15856.964534013861
1/26/16,16279.919686781875
1/27/16,15985.012855591664
1/28/16,15932.940148269476
1/29/16,16381.35105573746
2/1/16,16418.920681664917
2/2/16,16009.67963270434
2/3/16,16333.538061324327
2/4/16,16454.236083372398
2/5/16,16225.102613072444
2/8/16,15984.825567352387
2/9/16,15938.75683325753
2/10/16,15864.920790044027
2/11/16,15618.479381696457
2/12/16,16037.887823441377
2/16/16,16333.54492932859
2/17/16,16482.41308057939
2/18/16,16455.814781346256
2/19/16,16288.28568251874
2/22/16,16570.259461340556
2/23/16,16548.7653524699
2/24/16,16585.222763169586
2/25/16,16648.7197629378
2/26/16,16614.926042526447
2/29/16,16526.243996072593
3/1/16,16822.014078005763
3/2/16,16952.39179876566
3/3/16,17029.212576934435
3/4/16,16915.293339177915
3/7/16,17065.01602952567
3/8/16,17029.81278298885
3/9/16,17068.1979711773
3/10/16,16995.13
3/11/16,17213.31
3/14/16,17229.13
3/15/16,17251.53
3/16/16,17325.76
3/17/16,17481.49
3/18/16,17602.3
3/21/16,17623.87
3/22/16,17582.57
3/23/16,17502.59
3/24/16,17515.73
3/28/16,17535.39
3/29/16,17633.11
3/30/16,17716.66
3/31/16,17685.09
4/1/16,17792.75
4/4/16,17737.0
4/5/16,17603.32
4/6/16,17716.05
4/7/16,17541.96
4/8/16,17576.96
4/11/16,17556.41
4/12/16,17721.25
4/13/16,17908.28
4/14/16,17926.43
4/15/16,17897.46
4/18/16,18004.16
4/19/16,18053.6
4/20/16,18096.27
4/21/16,17982.52
4/22/16,18003.75
4/25/16,17977.24
4/26/16,17990.32
4/27/16,18041.55
4/28/16,17830.76
4/29/16,17773.64
5/2/16,17891.16
5/3/16,17750.91
5/4/16,17651.26
5/5/16,17660.71
5/6/16,17740.63
5/9/16,17705.91
5/10/16,17928.35
5/11/16,17711.12
5/12/16,17720.5
5/13/16,17535.32
5/16/16,17710.71
5/17/16,17529.98
5/18/16,17526.62
5/19/16,17435.4
5/20/16,17500.94
5/23/16,17492.93
5/24/16,17706.05
5/25/16,17851.51
5/26/16,17828.29
5/27/16,17873.22
5/31/16,17787.2
6/1/16,17789.67
6/2/16,17838.56
6/3/16,17807.06
6/6/16,17920.33
6/7/16,17938.28
6/8/16,18005.05
6/9/16,17985.19
6/10/16,17865.34
6/13/16,17732.48
6/14/16,17674.82
6/15/16,17640.17
6/16/16,17733.1
6/17/16,17675.16
6/20/16,17804.87
6/21/16,17829.73
6/22/16,17780.83
6/23/16,18011.07
6/24/16,17400.75
6/27/16,17140.24
6/28/16,17409.72
6/29/16,17694.68
6/30/16,17929.99
7/1/16,17949.37
7/5/16,17840.62
7/6/16,17918.62
7/7/16,17895.88
7/8/16,18146.74
7/11/16,18226.93
7/12/16,18347.67
7/13/16,18372.12
7/14/16,18506.41
7/15/16,18516.55
7/18/16,18533.05
7/19/16,18559.01
7/20/16,18595.03
7/21/16,18517.23
7/22/16,18570.85
7/25/16,18493.06
7/26/16,18473.75
7/27/16,18472.17
7/28/16,18456.35
7/29/16,18432.24
8/1/16,18404.51
8/2/16,18313.77
8/3/16,18355.0
8/4/16,18352.05
8/5/16,18543.53
8/8/16,18529.29
8/9/16,18533.05
8/10/16,18495.66
8/11/16,18613.52
8/12/16,18576.47
8/15/16,18636.05
8/16/16,18552.02
8/17/16,18573.94
8/18/16,18597.7
8/19/16,18552.57
8/22/16,18529.42
8/23/16,18547.3
8/24/16,18481.48
8/25/16,18448.41
8/26/16,18395.4
8/29/16,18502.99
8/30/16,18454.3
8/31/16,18400.88
9/1/16,18419.3
9/2/16,18491.96
9/6/16,18538.12
9/7/16,18526.14
9/8/16,18479.91
9/9/16,18085.45
9/12/16,18325.07
9/13/16,18066.75
9/14/16,18034.77
9/15/16,18212.48
9/16/16,18123.8
9/19/16,18120.17
9/20/16,18129.96
9/21/16,18293.7
9/22/16,18392.46
9/23/16,18261.45
9/26/16,18094.83
9/27/16,18228.3
9/28/16,18339.24
9/29/16,18143.45
9/30/16,18308.15
10/3/16,18253.85
10/4/16,18168.45
10/5/16,18281.03
10/6/16,18268.5
10/7/16,18240.49
10/10/16,18329.04
10/11/16,18128.66
10/12/16,18144.2
10/13/16,18098.94
10/14/16,18138.38
10/17/16,18086.4
10/18/16,18161.94
10/19/16,18202.62
10/20/16,18162.35
10/21/16,18145.71
10/24/16,18223.03
10/25/16,18169.27
10/26/16,18199.33
10/27/16,18169.68
10/28/16,18161.19
10/31/16,18142.42
11/1/16,18037.1
11/2/16,17959.64
11/3/16,17930.67
11/4/16,17888.28
11/7/16,18259.6
11/8/16,18332.74
11/9/16,18589.69
11/10/16,18807.88
11/11/16,18847.66
11/14/16,18868.69
11/15/16,18923.06
11/16/16,18868.14
11/17/16,18903.82
11/18/16,18867.93
11/21/16,18956.69
11/22/16,19023.87
11/23/16,19083.18
11/25/16,19152.14
11/28/16,19097.9
11/29/16,19121.6
11/30/16,19123.58
12/1/16,19191.93
12/2/16,19170.42
12/5/16,19216.24
12/6/16,19251.78
12/7/16,19549.62
12/8/16,19614.81
12/9/16,19756.85
12/12/16,19796.43
12/13/16,19911.21
12/14/16,19792.53
12/15/16,19852.24
12/16/16,19843.41
12/19/16,19883.06
12/20/16,19974.62
12/21/16,19941.96
12/22/16,19918.88
12/23/16,19933.81
12/27/16,19945.04
12/28/16,19833.68
12/29/16,19819.78
12/30/16,19762.6
1/3/17,19881.76
1/4/17,19942.16
1/5/17,19899.29
1/6/17,19963.8
1/9/17,19887.38
1/10/17,19855.53
1/11/17,19954.28
1/12/17,19891.0
1/13/17,19885.73
1/17/17,19826.77
1/18/17,19804.72
1/19/17,19732.4
1/20/17,19827.25
1/23/17,19799.85
1/24/17,19912.71
1/25/17,20068.51
1/26/17,20100.91
1/27/17,20093.78
1/30/17,19971.13
1/31/17,19864.09
2/1/17,19890.94
2/2/17,19884.91
2/3/17,20071.46
2/6/17,20052.42
2/7/17,20090.29
2/8/17,20054.34
2/9/17,20172.4
2/10/17,20269.37
2/13/17,20412.16
2/14/17,20504.41
2/15/17,20611.86
2/16/17,20619.77
2/17/17,20624.05
2/21/17,20743.0
2/22/17,20775.6
2/23/17,20810.32
2/24/17,20815.164374575368
2/27/17,20888.7138284906
2/28/17,20835.668745372728
3/1/17,21229.286211331288
3/2/17,20888.574242095692
3/3/17,20914.391027536363
3/6/17,20995.285263928687
3/7/17,20943.6107744721
3/8/17,20672.92335098939
3/9/17,20945.841959435547
3/10/17,20837.53600511369
3/13/17,20931.044512792498
3/14/17,20880.023235069904
3/15/17,21049.62740852199
3/16/17,20936.872258124647
3/17/17,21056.48158730399
3/20/17,20939.04502665856
3/21/17,20703.77988996289
3/22/17,20635.116105860314
3/23/17,20425.504298164902
3/24/17,20551.616501878412
3/27/17,20405.329127167235
3/28/17,20664.17910845377
3/29/17,20575.665368189133
3/30/17,20606.532191888036
3/31/17,20772.300351034006
4/3/17,20628.46660602609
4/4/17,20715.78305684186
4/5/17,20712.615638586176
4/6/17,20608.124221832848
4/7/17,20527.570236494154
4/10/17,20688.91601910198
4/11/17,20733.66174879739
4/12/17,20597.368112036103
4/13/17,20477.55827920667
4/17/17,20671.979531160905
4/18/17,20371.772041351822
4/19/17,20325.038787332192
4/20/17,20624.11455378134
4/21/17,20584.685175263367
4/24/17,20785.048501219837
4/25/17,21052.263994424546
4/26/17,21083.81549346118
4/27/17,20903.079967182326
4/28/17,20951.226690135914
5/1/17,20858.80981481394
5/2/17,21021.692014090753
5/3/17,20986.02159303488
5/4/17,20813.365438287412
5/5/17,21161.14986564275
5/8/17,21059.400508511557
5/9/17,21035.540304397477
5/10/17,20853.281842681423
5/11/17,21035.803817146825
5/12/17,21038.94313002967
5/15/17,21123.200575526553
5/16/17,20968.840571423167
5/17/17,20525.009449185167
5/18/17,20701.488278700333
5/19/17,20707.63983073409
5/22/17,20924.37483518434
5/23/17,20769.25175484688
5/24/17,21024.05727609585
5/25/17,20988.49749280947
5/26/17,21002.910748407674
5/30/17,21120.732992765952
5/31/17,20947.919087907685
6/1/17,21194.078503604847
6/2/17,21203.58758965673
6/5/17,21167.989021532856
6/6/17,21097.12416986858
6/7/17,21195.397657059904
6/8/17,21230.26820734704
6/9/17,21236.95329306426
6/12/17,21200.918974794888
6/13/17,21272.978148629558
6/14/17,21339.89671748353
6/15/17,21305.614323963415
6/16/17,21395.808794716846
6/19/17,21524.499862091274
6/20/17,21425.148242006147
6/21/17,21386.463918237845
6/22/17,21388.685647389477
6/23/17,21479.697311173903
6/26/17,21510.10692398978
6/27/17,21312.390000543615
6/28/17,21335.27396662597
6/29/17,21283.90761729079
6/30/17,21354.027413697553
7/3/17,21412.045594779767
7/5/17,21455.399943788467
7/6/17,21431.732725334587
7/7/17,21412.76484706505
7/10/17,21330.706847034948
7/11/17,21341.44157700488
7/12/17,21535.68451242509
7/13/17,21440.845232049174
7/14/17,21682.397746281018
7/17/17,21687.014676126648
7/18/17,21508.881555718403
7/19/17,21615.861984862626
7/20/17,21568.76773540186
7/21/17,21664.383761777655
7/24/17,21358.362892526267
7/25/17,21709.022404579995
7/26/17,21636.608703662954
7/27/17,21789.892542767073
7/28/17,21760.39661821044
7/31/17,21837.7461471827
8/1/17,21878.528610931033
8/2/17,21937.6727124638
8/3/17,22032.84078463942
8/4/17,22163.438765774823
8/7/17,21975.644743423552
8/8/17,22041.540207781665
8/9/17,22009.911134750648
8/10/17,21905.378258802
8/11/17,21742.709981180364
8/14/17,21884.66142193393
8/15/17,22005.03193209647
8/16/17,22062.16743935692
8/17/17,21740.24021810078
8/18/17,21615.770497565067
8/21/17,21581.254747861945
8/22/17,21857.343512823576
8/23/17,21679.157421448213
8/24/17,21832.83083803322
8/25/17,21858.286630501847
8/28/17,21915.51027515573
8/29/17,21826.960026281817
8/30/17,21825.974579923455
8/31/17,21964.570423184578
9/1/17,21939.95798611411
9/5/17,21671.17252616329
9/6/17,21805.97078332342
9/7/17,21816.66373218106
9/8/17,21705.648413211904
9/11/17,22229.544054911166
9/12/17,22027.181029797357
9/13/17,22215.632800413252
9/14/17,22138.751254075236
9/15/17,22213.409345809458
9/18/17,22423.192387609888
9/19/17,22363.590166023874
9/20/17,22527.336467532667
9/21/17,22311.634341649296
9/22/17,22433.43808460252
9/25/17,22265.031810156503
9/26/17,22186.582879382026
9/27/17,22403.702312936664
9/28/17,22303.505851473703
9/29/17,22363.27109018625
10/2/17,22459.492591165075
10/3/17,22689.969009910095
10/4/17,22785.025210138956
10/5/17,22704.51631403194
10/6/17,22909.78661013196
10/9/17,22802.517943735766
10/10/17,22879.439660952256
10/11/17,22915.72078044588
10/12/17,22828.847485195023
10/13/17,22869.823349115428
10/16/17,23020.241092499844
10/17/17,23024.608178393657
10/18/17,23141.660536024934
10/19/17,23059.68042043456
10/20/17,23383.181657289653
10/23/17,23339.139929592966
10/24/17,23397.73118874875
10/25/17,23454.720975779714
10/26/17,23398.92583565177
10/27/17,23464.6508090655
10/30/17,23338.973339180826
10/31/17,23368.61298982582
11/1/17,23421.988780159725
11/2/17,23574.486967146768
11/3/17,23521.476362731
11/6/17,23520.38774870934
11/7/17,23568.69375267021
11/8/17,23612.495229382093
11/9/17,23359.16881597577
11/10/17,23293.33982185097
11/13/17,23449.520125427236
11/14/17,23250.125579340925
11/15/17,23386.596468073953
11/16/17,23488.82489803462
11/17/17,23226.06943050819
11/20/17,23440.686838458914
11/21/17,23530.02633348735
11/22/17,23472.71723889522
11/24/17,23502.889960354794
11/27/17,23455.274707115637
11/28/17,23706.022725555886
11/29/17,24022.92691856703
11/30/17,24269.8600329424
12/1/17,24160.311398541617
12/4/17,24218.95882876641
12/5/17,24238.2576230995
12/6/17,24073.63005188128
12/7/17,24162.80459824005
12/8/17,24245.28873156559
12/11/17,24252.520181134845
12/12/17,24554.596950977997
12/13/17,24563.52613960001
12/14/17,24590.448631039846
12/15/17,24624.86450678244
12/18/17,24926.524045396913
12/19/17,24617.131794525372
12/20/17,24818.943079516153
12/21/17,24746.919424590487
12/22/17,24822.961475896263
12/26/17,24771.693239959903
12/27/17,24762.027410638588
12/28/17,24835.47345279985
12/29/17,24767.66383387276
1/2/18,24760.263174422413
1/3/18,24896.716241416092
1/4/18,25044.74429060173
1/5/18,25417.916815674544
1/8/18,25208.93702590991
1/9/18,25465.88229694272
1/10/18,25350.143226583725
1/11/18,25499.402982573294
1/12/18,25853.49056416589
1/16/18,25802.0044497583
1/17/18,26199.22886478175
1/18/18,26017.81
1/19/18,26071.72
1/22/18,26214.6
1/23/18,26210.81
1/24/18,26252.12
1/25/18,26392.79
1/26/18,26616.71
1/29/18,26439.48
1/30/18,26076.89
1/31/18,26149.39
2/1/18,26186.71
2/2/18,25520.96
2/5/18,24345.75
2/6/18,24912.77
2/7/18,24893.35
2/8/18,23860.46
2/9/18,24190.9
2/12/18,24601.27
2/13/18,24640.45
2/14/18,24893.49
2/15/18,25200.37
2/16/18,25219.38
2/20/18,24964.75
2/21/18,24797.78
2/22/18,24962.48
2/23/18,25309.99
2/26/18,25709.27
2/27/18,25410.03
2/28/18,25029.2
3/1/18,24608.98
3/2/18,24538.06
3/5/18,24874.76
3/6/18,24884.12
3/7/18,24801.36
3/8/18,24895.21
3/9/18,25335.74
3/12/18,25178.61
3/13/18,25007.03
3/14/18,24758.12
3/15/18,24873.66
3/16/18,24946.51
3/19/18,24610.91
3/20/18,24727.27
3/21/18,24682.31
3/22/18,23957.89
3/23/18,23533.2
3/26/18,24202.6
3/27/18,23857.71
3/28/18,23848.42
3/29/18,24103.11
4/2/18,23644.19
4/3/18,24033.36
4/4/18,24264.3
4/5/18,24505.22
4/6/18,23932.76
4/9/18,23979.1
4/10/18,24408.0
4/11/18,24189.45
4/12/18,24483.05
4/13/18,24360.14
4/16/18,24573.04
4/17/18,24786.63
4/18/18,24748.07
4/19/18,24664.89
4/20/18,24462.94
4/23/18,24448.69
4/24/18,24024.13
4/25/18,24083.83
4/26/18,24322.34
4/27/18,24311.19
4/30/18,24163.15
5/1/18,24099.05
5/2/18,23924.98
5/3/18,23930.15
5/4/18,24262.51
5/7/18,24357.32
5/8/18,24360.21
5/9/18,24542.54
5/10/18,24739.53
5/11/18,24831.17
5/14/18,24899.41
5/15/18,24706.41
5/16/18,24768.93
5/17/18,24713.98
5/18/18,24715.09
5/21/18,25013.29
5/22/18,24834.41
5/23/18,24886.81
5/24/18,24811.76
5/25/18,24753.09
5/29/18,24361.45
5/30/18,24667.78
5/31/18,24415.84
6/1/18,24635.21
6/4/18,24813.69
6/5/18,24799.98
6/6/18,25146.39
6/7/18,25241.41
6/8/18,25316.53
6/11/18,25322.31
6/12/18,25320.73
6/13/18,25201.2
6/14/18,25175.31
6/15/18,25090.48
6/18/18,24987.47
6/19/18,24700.21
6/20/18,24657.8
6/21/18,24461.7
6/22/18,24580.89
6/25/18,24252.8
6/26/18,24283.11
6/27/18,24117.59
6/28/18,24216.05
6/29/18,24271.41
7/2/18,24307.18
7/3/18,24174.82
7/5/18,24356.74
7/6/18,24456.48
7/9/18,24776.59
7/10/18,24919.66
7/11/18,24700.45
7/12/18,24924.89
7/13/18,25019.41
7/16/18,25064.36
7/17/18,25119.89
7/18/18,25199.29
7/19/18,25064.5
7/20/18,25058.12
7/23/18,25044.29
7/24/18,25241.94
7/25/18,25414.1
7/26/18,25527.07
7/27/18,25451.06
7/30/18,25306.83
7/31/18,25415.19
8/1/18,25333.82
8/2/18,25326.16
8/3/18,25462.58
8/6/18,25502.18
8/7/18,25628.91
8/8/18,25583.75
8/9/18,25509.23
8/10/18,25313.14
8/13/18,25187.7
8/14/18,25299.92
8/15/18,25162.41
8/16/18,25558.73
8/17/18,25669.32
8/20/18,25758.69
8/21/18,25822.29
8/22/18,25733.6
8/23/18,25656.98
8/24/18,25790.35
8/27/18,26049.64
8/28/18,26064.02
8/29/18,26124.57
8/30/18,25986.92
8/31/18,25964.82
9/4/18,25952.48
9/5/18,25974.99
9/6/18,25995.87
9/7/18,25916.54
9/10/18,25857.07
9/11/18,25971.06
9/12/18,25998.92
9/13/18,26145.99
9/14/18,26154.67
9/17/18,26062.12
9/18/18,26246.96
9/19/18,26405.76
9/20/18,26656.98
9/21/18,26743.5
9/24/18,26562.05
9/25/18,26492.21
9/26/18,26385.28
9/27/18,26439.93
9/28/18,26458.31
10/1/18,26651.21
10/2/18,26773.94
10/3/18,26828.39
10/4/18,26627.48
10/5/18,26447.05
10/8/18,26486.78
10/9/18,26430.57
10/10/18,25598.74
10/11/18,25052.83
10/12/18,25339.99
10/15/18,25250.55
10/16/18,25798.42
10/17/18,25706.68
10/18/18,25379.45
10/19/18,25444.34
10/22/18,25317.41
10/23/18,25191.43
10/24/18,24583.42
10/25/18,24984.55
10/26/18,24688.31
10/29/18,24442.92
10/30/18,24874.64
10/31/18,25115.76
11/1/18,25380.74
11/2/18,25270.83
11/5/18,25461.7
11/6/18,25635.01
11/7/18,26180.3
11/8/18,26191.22
11/9/18,25989.3
11/12/18,25387.18
11/13/18,25286.49
11/14/18,25080.5
11/15/18,25289.27
11/16/18,25413.22
11/19/18,25017.44
11/20/18,24465.64
11/21/18,24464.69
11/23/18,24285.95
11/26/18,24640.24
11/27/18,24748.73
11/28/18,25366.43
11/29/18,25338.84
11/30/18,25538.46
12/3/18,25826.43
12/4/18,25027.07
12/6/18,24947.67
12/7/18,24388.95
12/10/18,24423.26
12/11/18,24370.24
12/12/18,24527.27
12/13/18,24597.38
12/14/18,24100.51
12/17/18,23592.98
12/18/18,23675.64
12/19/18,23323.66
12/20/18,22859.6
12/21/18,22445.37
12/24/18,21792.2
12/26/18,22878.45
12/27/18,23138.82
12/28/18,23062.4
12/31/18,23327.46
1/2/19,23346.24
1/3/19,22686.22
1/4/19,23433.16
1/7/19,23531.35
1/8/19,23787.45
1/9/19,23879.12
1/10/19,24001.92
1/11/19,23995.95
1/14/19,23909.84
1/15/19,24065.59
1/16/19,24207.16
1/17/19,24370.1
1/18/19,24706.35
1/22/19,24404.48
1/23/19,24575.62
1/24/19,24553.24
1/25/19,24737.2
1/28/19,24528.22
1/29/19,24579.96
1/30/19,25014.86
1/31/19,24999.67
2/1/19,25063.89
2/4/19,25239.37
2/5/19,25411.52
2/6/19,25390.3
2/7/19,25169.53
2/8/19,25106.33
2/11/19,25053.11
2/12/19,25425.76
2/13/19,25543.27
2/14/19,25439.39
2/15/19,25883.25
2/19/19,25891.32
2/20/19,25954.44
2/21/19,25850.63
2/22/19,26031.81
2/25/19,26091.95
2/26/19,26057.98
2/27/19,25985.16
2/28/19,25916.0
3/1/19,26026.32
3/4/19,25819.65
3/5/19,25806.63
3/6/19,25673.46
3/7/19,25473.23
3/8/19,25450.24
3/11/19,25650.88
3/12/19,25554.66
3/13/19,25702.89
3/14/19,25709.94
3/15/19,25848.87
3/18/19,25914.1
3/19/19,25887.38
3/20/19,25745.67
3/21/19,25962.51
3/22/19,25502.32
3/25/19,25516.83
3/26/19,25657.73
3/27/19,25625.59
3/28/19,25717.46
3/29/19,25928.68
4/1/19,26258.42
4/2/19,26179.13
4/3/19,26218.13
4/4/19,26384.63
4/5/19,26424.99
4/8/19,26341.02
4/9/19,26150.58
4/10/19,26157.16
4/11/19,26143.05
4/12/19,26412.3
4/15/19,26384.77
4/16/19,26452.66
4/17/19,26449.54
4/18/19,26559.54
4/22/19,26511.05
4/23/19,26656.39
4/24/19,26597.05
4/25/19,26462.08
4/26/19,26543.33
4/29/19,26554.39
4/30/19,26592.91
5/1/19,26430.14
5/2/19,26307.79
5/3/19,26504.95
5/6/19,26438.48
5/7/19,25965.09
5/8/19,25967.33
5/9/19,25828.36
5/10/19,25942.37
5/13/19,25324.99
5/14/19,25532.05
5/15/19,25648.02
5/16/19,25862.68
5/17/19,25764.0
5/20/19,25679.9
5/21/19,25877.33
5/22/19,25776.61
5/23/19,25490.47
5/24/19,25585.69
5/28/19,25347.77
5/29/19,25126.41
5/30/19,25169.88
5/31/19,24815.04
6/3/19,24819.78
6/4/19,25332.18
6/5/19,25539.57
6/6/19,25720.66
6/7/19,25983.94
6/10/19,26062.68
6/11/19,26048.51
6/12/19,26004.83
6/13/19,26106.77
6/14/19,26089.61
6/17/19,26112.53
6/18/19,26465.54
6/19/19,26504.0
6/20/19,26753.17
6/21/19,26719.13
6/24/19,26727.54
6/25/19,26548.22
6/26/19,26536.82
6/27/19,26526.58
6/28/19,26599.96
7/1/19,26717.43
7/2/19,26786.68
7/3/19,26966.0
7/5/19,26922.12
7/8/19,26806.14
7/9/19,26783.49
7/10/19,26860.2
7/11/19,27088.08
7/12/19,27332.03
7/15/19,27359.16
7/16/19,27335.63
7/17/19,27219.85
7/18/19,27222.97
7/19/19,27154.2
7/22/19,27171.9
7/23/19,27349.19
7/24/19,27269.97
7/25/19,27224.031611298335
7/26/19,27228.700953057065
7/29/19,27211.72464628951
7/30/19,27157.126538768534
7/31/19,26796.053532219623
8/1/19,26524.27526532724
8/2/19,26442.464013155863
8/5/19,25660.086937946664
8/6/19,26011.597252666244
8/7/19,25931.452453106896
8/8/19,26361.72766047784
8/9/19,26173.583802493085
8/12/19,25908.306078445778
8/13/19,26181.92215384896
8/14/19,25462.642285388098
8/15/19,25598.650217719747
8/16/19,25802.297315026022
8/19/19,26132.608501790597
8/20/19,25833.99603040191
8/21/19,26246.59115589475
8/22/19,26349.30589064386
8/23/19,25799.06713225935
8/26/19,25948.82611647361
8/27/19,25882.374403626654
8/28/19,26035.975556684924
8/29/19,26288.969962884727
8/30/19,26336.15831868623
9/3/19,26105.070920765083
9/4/19,26288.847829223065
9/5/19,26748.729503375882
9/6/19,26834.23172538784
9/9/19,26822.68387323796
9/10/19,26941.350527300136
9/11/19,27081.697757980462
9/12/19,27161.800804555034
9/13/19,27264.912269218905
9/16/19,27068.545690975785
9/17/19,27160.670765835097
9/18/19,27248.544118160382
9/19/19,27040.2304073177
9/20/19,26899.890828618165
9/23/19,27097.033054832904
9/24/19,26937.638499906214
9/25/19,26934.192355425846
9/26/19,26976.264553360244
9/27/19,26773.548409823157
9/30/19,26878.086066129308
10/1/19,26570.71034057941
10/2/19,26190.296703063417
10/3/19,26343.893323569206
10/4/19,26547.531077241416
10/7/19,26469.485052045642
10/8/19,26121.980781538645
10/9/19,26372.286159347117
10/10/19,26660.684666125846
10/11/19,26798.46826009131
10/14/19,26857.35817271154
10/15/19,26975.836486525746
10/16/19,26922.98796913297
10/17/19,27034.87279071173
10/18/19,26836.18591499945
10/21/19,26818.475246593476
10/22/19,26838.820941612823
10/23/19,26714.738738517808
10/24/19,26741.25834181647
10/25/19,26989.546235416507
10/28/19,27091.14777006773
10/29/19,27109.30283567817
10/30/19,27056.31598847184
10/31/19,26992.371839197778
11/1/19,27421.950101957504
11/4/19,27382.320152679946
11/5/19,27564.028900960162
11/6/19,27490.51061702196
11/7/19,27664.913197755734
11/8/19,27605.820374880648
11/11/19,27713.756783751473
11/12/19,27714.42277632747
11/13/19,27742.193915300657
11/14/19,27665.651095922476
11/15/19,28098.644861697077
11/18/19,27949.00446028147
11/19/19,27986.524293125567
11/20/19,27795.467215235247
11/21/19,27756.005368326223
11/22/19,27874.92062677521
11/25/19,28039.5165535945
11/26/19,28066.11990953984
11/27/19,28157.10800407006
11/29/19,28027.145831947142
12/2/19,27871.165885395945
12/3/19,27520.24958156734
12/4/19,27733.08473737414
12/5/19,27578.866331395708
12/6/19,27849.133476902094
12/9/19,28095.858313259192
12/10/19,27938.4917085682
12/11/19,28034.467944990472
12/12/19,28026.2128935375
12/13/19,28226.054280432225
12/16/19,28261.389382901565
12/17/19,28182.73312221357
12/18/19,28302.95528404977
12/19/19,28398.039736652012
12/20/19,28337.11057504731
12/23/19,28562.120322269115
12/24/19,28523.88953619924
12/26/19,28622.28310607546
12/27/19,28652.3661698099
12/30/19,28487.958368391148
12/31/19,28659.65535481576
1/2/20,28954.075948758687
1/3/20,28598.589324086573
1/6/20,28825.408673763548
1/7/20,28594.53153778075
1/8/20,28744.522912574324
1/9/20,29112.310733809536
1/10/20,28834.75611169782
1/13/20,28781.450029740045
1/14/20,29021.201882975263
1/15/20,29185.344588227767
1/16/20,29418.783643650422
1/17/20,29448.43253197411
1/21/20,29262.280147982594
1/22/20,29162.48591577573
1/23/20,29297.521232089774
1/24/20,28877.17491607546
1/27/20,28525.352074956583
1/28/20,28759.69329573805
1/29/20,28823.89313100734
1/30/20,28919.01236467212
1/31/20,28249.7541891571
2/3/20,28521.526722146766
2/4/20,28841.49222028703
2/5/20,29255.006998551275
2/6/20,29482.649620428645
2/7/20,29134.707553878445
2/10/20,29258.98438535459
2/11/20,29503.094364869252
2/12/20,29654.662928658898
2/13/20,29404.768727353257
2/14/20,29508.75542978057
2/18/20,29246.47077884988
2/19/20,29377.52408242103
2/20/20,29272.89096251866
2/21/20,29050.91027796511
2/24/20,28040.00332707834
2/25/20,27087.745490119294
2/26/20,26846.63736928916
2/27/20,25732.641309119816
2/28/20,25400.41264525035
3/2/20,26696.902442724557
3/3/20,25815.093005150717
3/4/20,27097.671408997478
3/5/20,26124.97217176247
3/6/20,25850.76725623272
3/9/20,23917.68010913979
3/10/20,24968.185099317805
3/11/20,23538.641997119677
3/12/20,21066.136164984124
3/13/20,23429.14715645437
3/16/20,20090.37255181565
3/17/20,21202.232475367793
3/18/20,19931.118805669048
3/19/20,20148.754890015607
3/20/20,19115.404760620877
3/23/20,18679.387821164222
3/24/20,20632.56511696318
3/25/20,21157.46543691318
3/26/20,22520.807073843825
3/27/20,21600.373617244353
3/30/20,22377.545346922634
3/31/20,21830.11326761235
4/1/20,21009.22351546952
4/2/20,21197.818792823527
4/3/20,21046.272889828753
4/6/20,22596.578025966097
4/7/20,22597.38283873857
4/8/20,23398.361247804878
4/9/20,23612.64193194075
4/13/20,23415.038211210223
4/14/20,24025.945124455815
4/15/20,23515.854200439004
4/16/20,23555.943434726352
4/17/20,24180.39384642986
4/20/20,23647.234832153674
4/21/20,23109.893383701135
4/22/20,23434.449880469336
4/23/20,23418.485961582064
4/24/20,23833.385928422653
4/27/20,24332.57170557302
4/28/20,24015.792670319133
4/29/20,24537.97120237536
4/30/20,24380.549095526243
5/1/20,23734.269045550504
5/4/20,23769.505231100866
5/5/20,23804.281106490987
5/6/20,23623.64879157566
5/7/20,23898.53082810256
5/8/20,24133.111421607064
5/11/20,24201.663949603175
5/12/20,23761.486810123777
5/13/20,23293.796991050924
5/14/20,23715.563605525247
5/15/20,23631.44708960176
5/18/20,24594.69980635418
5/19/20,24218.602925554096
5/20/20,24611.318550642747
5/21/20,24550.578969078684
5/22/20,24450.681422606143
5/26/20,25020.820686054474
5/27/20,25576.282056618664
5/28/20,25372.647392603023
5/29/20,25471.08774315988
6/1/20,25403.86458027288
6/2/20,25737.475223102294
6/3/20,26346.46794300205
6/4/20,26300.000486766286
6/5/20,27174.247081470647
6/8/20,27520.732370061658
6/9/20,27345.98670827905
6/10/20,27090.91319059109
6/11/20,25179.299503937837
6/12/20,25732.94881801569
6/15/20,25772.636081431945
6/16/20,26373.06063760493
6/17/20,25920.22738543461
6/18/20,26065.826327786126
6/19/20,25826.96868259881
6/22/20,25995.185307493055
6/23/20,26274.64393005171
6/24/20,25371.00912680747
6/25/20,25722.652891357386
6/26/20,25075.35108535705
6/29/20,25509.097792200042
6/30/20,25844.189212193163
7/1/20,25613.553307256578
7/2/20,25832.068812223763
7/6/20,26171.123370921166
7/7/20,25967.532427721984
7/8/20,26007.807818761277
7/9/20,25697.461066885357
7/10/20,26038.946410453707
7/13/20,26069.91724945196
7/14/20,26627.47250187782
7/15/20,26932.875959662764
7/16/20,26610.08979887938
7/17/20,26537.266879059312
7/20/20,26748.081087360843
7/21/20,26770.050257096886
7/22/20,27135.582969247145
7/23/20,26810.48648944123
7/24/20,26583.975710117593
7/27/20,26636.460081922676
7/28/20,26520.189727189638
7/29/20,26510.970532150117
7/30/20,26384.379443501624
7/31/20,26382.726664655944
8/3/20,26635.248642647766
8/4/20,26791.335714669793
8/5/20,27172.35079953732
8/6/20,27372.770088556474
8/7/20,27421.225116278274
8/10/20,27759.80209942439
8/11/20,27752.64449865091
8/12/20,27953.637111208136
8/13/20,27951.640488671263
8/14/20,28057.575833152314
8/17/20,27957.193690864784
8/18/20,27733.615890719153
8/19/20,27536.693490847218
8/20/20,27807.960968789677
8/21/20,27812.287403330425
8/24/20,28374.703304786497
8/25/20,28229.40086880786
8/26/20,28263.6260229972
8/27/20,28434.02465395271
8/28/20,28659.69458541559
8/31/20,28292.549053612798
9/1/20,28557.181458399413
9/2/20,28970.03539908162
9/3/20,28159.05874690182
9/4/20,28169.87240418577
9/8/20,27490.892201834864
9/9/20,27973.787405239513
9/10/20,27461.07524055783
9/11/20,27754.861200744603
9/14/20,28095.292315516454
9/15/20,28055.884460363148
9/16/20,28043.992842186166
9/17/20,27915.870757262284
9/18/20,27661.8312647401
9/21/20,27132.2970873046
9/22/20,27267.916812999487
9/23/20,26744.834952148078
9/24/20,26871.917442017122
9/25/20,27115.65670329104
9/28/20,27696.83549440702
9/29/20,27377.605053746287
9/30/20,27765.482096085005
10/1/20,27816.696119383465
10/2/20,27647.937974222907
10/5/20,28174.403238145092
10/6/20,27772.76262297968
10/7/20,28381.567600433667
10/8/20,28312.120513567723
10/9/20,28552.910617201047
10/12/20,28979.752765960027
10/13/20,28809.13184135359
10/14/20,28553.583040486545
10/15/20,28613.095470814274
10/16/20,28639.008092724176
10/19/20,28182.97431764561
10/20/20,28362.64672592293
10/21/20,28371.53887150745
10/22/20,28323.017840607572
10/23/20,28218.588997580824
10/26/20,27685.63413960104
10/27/20,27562.322549900124
10/28/20,26513.86525787575
10/29/20,26668.596044030095
10/30/20,26419.17840730524
11/2/20,26944.81380482729
11/3/20,27449.10049411573
11/4/20,27837.94140124994
11/5/20,28415.963928913676
11/6/20,28241.975116277667
11/9/20,29187.63981262269
11/10/20,29363.838473869804
11/11/20,29504.417024750575
11/12/20,29057.376356289315
11/13/20,29457.56503326751
11/16/20,29909.462735993053
11/17/20,29689.33702362736
11/18/20,29456.46313367056
11/19/20,29394.45606667448
11/20/20,29263.48
11/23/20,29591.27
11/24/20,30046.24
11/25/20,29872.47
11/27/20,29910.37
11/30/20,29638.64
12/1/20,29823.92
12/2/20,29883.79
12/3/20,29969.52
12/4/20,30218.26
12/7/20,30069.79
12/8/20,30173.88
12/9/20,30068.81
12/10/20,29999.26
12/11/20,30046.37
12/14/20,29861.55
12/15/20,30199.31
12/16/20,30154.54
12/17/20,30303.37
12/18/20,30179.05
12/21/20,30216.45
12/22/20,30015.51
12/23/20,30129.83
12/24/20,30199.87
12/28/20,30403.97
12/29/20,30335.67
12/30/20,30409.56
12/31/20,30606.48
1/4/21,30223.89
1/5/21,30391.6
1/6/21,30829.4
1/7/21,31129.85080917754
1/8/21,31179.68043326678
1/11/21,30994.69789426774
1/12/21,31056.164488047256
1/13/21,30948.206806277547
1/14/21,30998.899613125363
1/15/21,30740.251148516567
1/19/21,30973.46401891892
1/20/21,31169.13908880162
1/21/21,31203.445064716805
1/22/21,30926.32336303448
1/25/21,30991.02144457484
1/26/21,31026.78908289379
1/27/21,30370.026516334172
1/28/21,30695.307534203446
1/29/21,29968.748096784013
2/1/21,30181.025767386982
2/2/21,30722.55561831029
2/3/21,30798.617734461484
2/4/21,31135.90614462849
2/5/21,31059.244995914498
2/8/21,31479.079483426336
2/9/21,31467.19830538213
2/10/21,31533.610454022015
2/11/21,31432.38722827599
2/12/21,31435.36042916362
2/16/21,31617.28844628859
2/17/21,31550.14813571578
2/18/21,31511.15827665701
2/19/21,31496.53432325076
2/22/21,31582.100025232397
2/23/21,31584.077390135066
2/24/21,32014.866139271213
2/25/21,31323.534266301955
2/26/21,31020.662071202165
3/1/21,31424.55561400063
3/2/21,31312.12455951075
3/3/21,31396.9972353214
3/4/21,30934.141774865446
3/5/21,31482.16003177961
3/8/21,31621.061021579248
3/9/21,31845.196692589703
3/10/21,32280.974782407848
3/11/21,32440.513306686786
3/12/21,32935.04119534037
3/15/21,32919.173391460776
3/16/21,32986.0608563154
3/17/21,33130.74190161273
3/18/21,32842.89392751889
3/19/21,32736.48930461443
3/22/21,32699.06980878451
3/23/21,32359.933608674306
3/24/21,32483.739140886602
3/25/21,32584.354736111858
3/26/21,33019.27174839176
3/29/21,33297.525726842585
3/30/21,33051.88493964027
3/31/21,32952.23323923201
4/1/21,33178.480749381626
4/5/21,33545.40142754675
4/6/21,33445.75123367468
4/7/21,33516.67699885845
4/8/21,33563.44428667464
4/9/21,33812.94888037856
4/12/21,33712.23951820444
4/13/21,33673.781641578404
4/14/21,33688.19042466049
4/15/21,34124.363984386764
4/16/21,34029.88933307845
4/19/21,34065.65680752196
4/20/21,33874.48592638858
4/21/21,34133.48307735056
4/22/21,33706.43807836515
4/23/21,34043.49
4/26/21,33981.57
4/27/21,33984.93
4/28/21,33820.38
4/29/21,34060.36
4/30/21,33874.85
5/3/21,34113.23
5/4/21,34133.03
5/5/21,34230.34
5/6/21,34548.53
5/7/21,34777.76
5/10/21,34742.82
5/11/21,34269.16
5/12/21,33587.66
5/13/21,34021.45
5/14/21,34382.13
5/17/21,34327.79
5/18/21,34060.66
5/19/21,33896.04
5/20/21,34084.15
5/21/21,34207.84
5/24/21,34393.98
5/25/21,34312.46
5/26/21,34323.05
5/27/21,34464.64
5/28/21,34529.45
6/1/21,34575.31
6/2/21,34600.38
6/3/21,34577.04
6/4/21,34756.39
6/7/21,34630.24
6/8/21,34599.82
6/9/21,34447.14
6/10/21,34466.24
6/11/21,34479.6
6/14/21,34393.75
6/15/21,34299.33
6/16/21,34033.67
6/17/21,33823.45
6/18/21,33290.08
6/21/21,33876.97
6/22/21,33945.58
6/23/21,33874.24
6/24/21,34196.82
6/25/21,34433.84
6/28/21,34283.27
6/29/21,34292.29
6/30/21,34502.51
7/1/21,34633.53
7/2/21,34786.35
7/6/21,34577.37
7/7/21,34681.79
7/8/21,34421.93
7/9/21,34870.16
7/12/21,34996.18
7/13/21,34888.79
7/14/21,34933.23
7/15/21,34987.02
7/16/21,34687.85
7/19/21,33962.04
7/20/21,34511.99
7/21/21,34798.0
7/22/21,34823.35
7/23/21,35061.55
7/26/21,35144.31
7/27/21,35058.52
7/28/21,34930.93
7/29/21,35084.53
7/30/21,34935.47
8/2/21,34838.16
8/3/21,35116.4
8/4/21,34792.67
8/5/21,35064.25
8/6/21,35208.51
8/9/21,35101.85
8/10/21,35264.67
8/11/21,35484.97
8/12/21,35499.85
8/13/21,35515.38
8/16/21,35625.4
8/17/21,35343.28
8/18/21,34960.69
8/19/21,34894.12
8/20/21,35120.08
8/23/21,35335.71
8/24/21,35366.26
8/25/21,35405.5
8/26/21,35213.12
8/27/21,35455.8
8/30/21,35399.84
8/31/21,35360.73
9/1/21,35312.53
9/2/21,35443.82
9/3/21,35369.09
9/7/21,35100.0
9/8/21,35031.07
9/9/21,34879.38
9/10/21,34607.72
9/13/21,34869.63
9/14/21,34577.57
9/15/21,34814.39
9/16/21,34751.32
9/17/21,34584.88
9/20/21,33970.47
9/21/21,33919.84
9/22/21,34258.32
9/23/21,34764.82
9/24/21,34798.0
9/27/21,34869.37
9/28/21,34299.99
9/29/21,34390.72
9/30/21,33843.92
10/1/21,34326.46
10/4/21,34002.92
10/5/21,34314.67
10/6/21,34416.99
10/7/21,34754.94
10/8/21,34746.25
10/11/21,34496.06
10/12/21,34378.34
10/13/21,34377.81
10/14/21,34912.56
10/15/21,35294.76
10/18/21,35258.61
10/19/21,35457.31
10/20/21,35609.34
10/21/21,35603.08
10/22/21,35677.02
10/25/21,35741.15
10/26/21,35756.88
10/27/21,35490.69
10/28/21,35730.48
10/29/21,35819.56
11/1/21,35913.84
11/2/21,36052.63
11/3/21,36157.58
11/4/21,36124.23
11/5/21,36327.95
11/8/21,36432.22
11/9/21,36319.98
11/10/21,36079.94
11/11/21,35921.23
11/12/21,36100.31
11/15/21,36087.45
11/16/21,36142.22
11/17/21,35931.05
11/18/21,35870.95
11/19/21,35601.98
11/22/21,35619.25
11/23/21,35813.8
11/24/21,35804.38
11/26/21,34899.34
11/29/21,35135.94
11/30/21,34483.72
12/1/21,34022.04
12/2/21,34639.79
12/3/21,34580.08
12/6/21,35227.03
12/7/21,35719.43
12/8/21,35754.75
12/9/21,35754.69
12/10/21,35970.99
12/13/21,35650.95
12/14/21,35544.18
12/15/21,35927.43
12/16/21,35897.64
12/17/21,35365.44
12/20/21,34932.16
12/21/21,35492.7
12/22/21,35753.89
12/23/21,35950.56
12/27/21,36302.38
12/28/21,36398.21
12/29/21,36488.63
12/30/21,36398.08
12/31/21,36338.3
1/3/22,36585.06
1/4/22,36799.65
1/5/22,36407.11
1/6/22,36236.47
1/7/22,36231.66
1/10/22,36068.87
1/11/22,36252.02
1/12/22,36290.32
1/13/22,36113.62
1/14/22,35911.81
1/18/22,35368.47
1/19/22,35028.65
1/20/22,34715.39
1/21/22,34265.37
1/24/22,34364.5
1/25/22,34297.73
1/26/22,34168.09
1/27/22,34160.78
1/28/22,34725.47
1/31/22,35131.86
2/1/22,35405.24
2/2/22,35629.33
2/3/22,35111.16
2/4/22,35089.74
2/7/22,35091.13
2/8/22,35462.78
2/9/22,35768.06
2/10/22,35241.59
2/11/22,34738.06
2/14/22,34566.17
2/15/22,34988.84
2/16/22,34934.27
2/17/22,34312.03
2/18/22,34079.18
2/22/22,33596.61
2/23/22,33131.76
2/24/22,33223.83
2/25/22,34058.75
2/28/22,33892.6
3/1/22,33294.95
3/2/22,33891.35
3/3/22,33794.66
3/4/22,33614.8
3/7/22,32817.38
3/8/22,32632.64
3/9/22,33286.25
3/10/22,33174.07
3/11/22,32944.19
3/14/22,32945.24
3/15/22,33544.34
3/16/22,34063.1
3/17/22,34480.76
3/18/22,34754.93
3/21/22,34552.99
3/22/22,34807.46
3/23/22,34358.5
3/24/22,34707.94
3/25/22,34861.24
3/28/22,34955.89
3/29/22,35294.19
3/30/22,35228.81
3/31/22,34678.35
4/1/22,34818.27
4/4/22,34921.88
4/5/22,34641.18
4/6/22,34496.51
4/7/22,34583.57
4/8/22,34721.12
4/11/22,34308.08
4/12/22,34220.36
4/13/22,34564.59
4/14/22,34451.23
4/18/22,34411.69
4/19/22,34911.2
4/20/22,35160.79
4/21/22,34792.76
4/22/22,33811.4
4/25/22,34049.46
4/26/22,33240.18
4/27/22,33301.93
4/28/22,33916.39
4/29/22,32977.21
5/2/22,33061.5
5/3/22,33128.79
5/4/22,34061.06
5/5/22,32997.97
5/6/22,32899.37
5/9/22,32245.7
5/10/22,32160.74
5/11/22,31834.11
5/12/22,31730.3
5/13/22,32196.66
5/16/22,32223.42
5/17/22,32654.59
5/18/22,31490.07
5/19/22,31253.13
5/20/22,31261.9
5/23/22,31880.24
5/24/22,31928.62
5/25/22,32120.28
5/26/22,32637.19
5/27/22,33212.96
5/31/22,32990.12
6/1/22,32813.23
6/2/22,33248.28
6/3/22,32899.7
6/6/22,32915.78
6/7/22,33180.14
6/8/22,32910.9
6/9/22,32272.79
6/10/22,31392.79
6/13/22,30516.74
6/14/22,30364.83
6/15/22,30668.53
6/16/22,29927.07
6/17/22,29888.78
6/21/22,30530.25
6/22/22,30483.13
6/23/22,30677.36
6/24/22,31500.68
6/27/22,31438.26
6/28/22,30946.99
6/29/22,31029.31
6/30/22,30775.43
7/1/22,31097.26
7/5/22,30967.82
7/6/22,31037.68
7/7/22,31384.55
7/8/22,31338.15
7/11/22,31173.84
7/12/22,30981.33
7/13/22,30772.79
7/14/22,30630.17
7/15/22,31288.26
7/18/22,31072.61
7/19/22,31827.05
7/20/22,31874.84
7/21/22,32036.9
7/22/22,31899.29
7/25/22,31990.04
7/26/22,31761.54
7/27/22,32197.59
7/28/22,32529.63
7/29/22,32845.13
8/1/22,32798.4
8/2/22,32396.17
8/3/22,32812.5
8/4/22,32726.82
8/5/22,32803.47
8/8/22,32832.54
8/9/22,32774.41
8/10/22,33309.51
8/11/22,33336.67
8/12/22,33761.05
8/15/22,33912.44
8/16/22,34152.01
8/17/22,33980.32
8/18/22,33999.04
8/19/22,33706.74
8/22/22,33063.61
8/23/22,32909.59
8/24/22,32969.23
8/25/22,33291.78
8/26/22,32283.4
8/29/22,32098.99
8/30/22,31790.87
8/31/22,31510.43
9/1/22,31656.42
9/2/22,31318.44
9/6/22,31145.3
9/7/22,31581.28
9/8/22,31774.52
9/9/22,32151.71
9/12/22,32381.34
9/13/22,31104.97
9/14/22,31135.09
9/15/22,30961.82
9/16/22,30822.42
9/19/22,31019.68
9/20/22,30706.23
9/21/22,30183.78
9/22/22,30076.68
9/23/22,29590.41
9/26/22,29260.81
9/27/22,29134.99
9/28/22,29683.74
9/29/22,29225.61
9/30/22,28725.51
10/3/22,29490.89
10/4/22,30316.32
10/5/22,30273.87
10/6/22,29926.94
10/7/22,29296.79
10/10/22,29202.88
10/11/22,29239.19
10/12/22,29210.85
10/13/22,30038.72
10/14/22,29634.83
10/17/22,30185.82
10/18/22,30523.8
10/19/22,30423.81
10/20/22,30333.59
10/21/22,31082.56
10/24/22,31499.62
10/25/22,31836.74
10/26/22,31839.11
10/27/22,32033.28
10/28/22,32861.8
10/31/22,32732.95
11/1/22,32653.2
11/2/22,32147.76
11/3/22,32001.25
11/4/22,32403.22
11/7/22,32827.0
11/8/22,33160.83
11/9/22,32513.94
11/10/22,33715.37
